SR NO,CUSTOMER NAME,PART NUMBER,SERIAL NUMBER,CONFIG VERSION,M1000 MAC ID,OPERATOR,TEST DATE,TEST TIME,PHYSICAL TEST,CONTROLLER TEST,COMMUNICATION TEST,TEMPERATURE TEST,OUTPUT/INPUT PFC,DC VOLTAGE TEST,DC VOLTAGE CALIBRATION,DC CURRENT TEST,DC CURRENT CALIBRATION,LVD TEST,SMR REGISTRATION TEST,AC PHASE ALLOCATION TEST,DC CURRENT SHARING/ BUS DROP TEST,RS-485 TEST,DEFAULT SETTING,FLOAT VOLTAGE (VDC),CHARGE VOLTAGE (VDC),BATTERY LVD SET(VDC)/RESTORE(VDC),LOAD LVD SET(VDC)/RESTORE(VDC),DC VOLTAGE LOW(VDC)/RESTORE(VDC),AC LOW CUT-OFF(VAC)/CUT-IN(VAC),AC HIGH CUT-OFF(VAC)/CUT-IN(VAC),SMR COUNT/ SOLAR CHARGER COUNT,VRLA: BATTERY CAPACITY/ FACTOR,LI-ON BATTERY/ FACTOR,RESULT
1079,RELIANCE,HE518989,D82310478900045,54.08,12:12:12:12:12:12,PARAS,14/10/2023,9:31:00,PASS,PASS,PASS,PASS,PASS,PASS,PASS,PASS,PASS,PASS,PASS,PASS,PASS,PASS,PASS,54,55.2,44.0/48.0,46.0/50.0,44.0/44.5,90/100,300/290,5/NA,600/10,75/24/2,FAIL
1080,RELIANCE,HE518989,D82310478900046,54.08,12:12:12:12:12:12,PARAS,15/10/2023,10:31:00,PASS,PASS,PASS,PASS,PASS,PASS,PASS,PASS,PASS,PASS,PASS,PASS,PASS,PASS,PASS,54,55.2,44.0/48.0,46.0/50.0,44.0/44.5,90/100,300/290,5/NA,600/10,75/24/2,PASS
1081,RELIANCE,HE518989,D82310478900047,54.08,12:12:12:12:12:12,PARAS,16/10/2023,11:31:00,PASS,PASS,PASS,PASS,PASS,PASS,PASS,PASS,PASS,PASS,PASS,PASS,PASS,PASS,PASS,54,55.2,44.0/48.0,46.0/50.0,44.0/44.5,90/100,300/290,5/NA,600/10,75/24/2,PASS
1082,RELIANCE,HE518989,D82310478900048,54.08,12:12:12:12:12:12,PARAS,17/10/2023,12:31:00,PASS,PASS,PASS,PASS,PASS,PASS,PASS,PASS,PASS,PASS,PASS,PASS,PASS,PASS,PASS,54,55.2,44.0/48.0,46.0/50.0,44.0/44.5,90/100,300/290,5/NA,600/10,75/24/2,PASS
1083,RELIANCE,HE518989,D82310478900049,54.08,12:12:12:12:12:12,PARAS,18/10/2023,13:31:00,PASS,PASS,PASS,PASS,PASS,PASS,PASS,PASS,PASS,PASS,PASS,PASS,PASS,PASS,PASS,54,55.2,44.0/48.0,46.0/50.0,44.0/44.5,90/100,300/290,5/NA,600/10,75/24/2,PASS
1084,RELIANCE,HE518989,D82310478900050,54.08,12:12:12:12:12:12,PARAS,19/10/2023,14:31:00,PASS,PASS,PASS,PASS,PASS,PASS,PASS,PASS,PASS,PASS,PASS,PASS,PASS,PASS,PASS,54,55.2,44.0/48.0,46.0/50.0,44.0/44.5,90/100,300/290,5/NA,600/10,75/24/2,PASS
1085,RELIANCE,HE518989,D82310478900051,54.08,12:12:12:12:12:12,PARAS,20/10/2023,15:31:00,PASS,PASS,PASS,PASS,PASS,PASS,PASS,PASS,PASS,PASS,PASS,PASS,PASS,PASS,PASS,54,55.2,44.0/48.0,46.0/50.0,44.0/44.5,90/100,300/290,5/NA,600/10,75/24/2,PASS
1086,RELIANCE,HE518989,D82310478900052,54.08,12:12:12:12:12:12,PARAS,21/10/2023,16:31:00,PASS,PASS,PASS,PASS,PASS,PASS,PASS,PASS,PASS,PASS,PASS,PASS,PASS,PASS,PASS,54,55.2,44.0/48.0,46.0/50.0,44.0/44.5,90/100,300/290,5/NA,600/10,75/24/2,FAIL
1087,RELIANCE,HE518989,D82310478900053,54.08,12:12:12:12:12:12,PARAS,22/10/2023,17:31:00,PASS,PASS,PASS,PASS,PASS,PASS,PASS,PASS,PASS,PASS,PASS,PASS,PASS,PASS,PASS,54,55.2,44.0/48.0,46.0/50.0,44.0/44.5,90/100,300/290,5/NA,600/10,75/24/2,FAIL
1088,RELIANCE,HE518989,D82310478900054,54.08,12:12:12:12:12:12,PARAS,23/10/2023,18:31:00,PASS,PASS,PASS,PASS,PASS,PASS,PASS,PASS,PASS,PASS,PASS,PASS,PASS,PASS,PASS,54,55.2,44.0/48.0,46.0/50.0,44.0/44.5,90/100,300/290,5/NA,600/10,75/24/2,FAIL
1089,RELIANCE,HE518989,D82310478900055,54.08,12:12:12:12:12:12,PARAS,24/10/2023,19:31:00,PASS,PASS,PASS,PASS,PASS,PASS,PASS,PASS,PASS,PASS,PASS,PASS,PASS,PASS,PASS,54,55.2,44.0/48.0,46.0/50.0,44.0/44.5,90/100,300/290,5/NA,600/10,75/24/2,PASS
1090,RELIANCE,HE518989,D82310478900056,54.08,12:12:12:12:12:12,PARAS,25/10/2023,20:31:00,PASS,PASS,PASS,PASS,PASS,PASS,PASS,PASS,PASS,PASS,PASS,PASS,PASS,PASS,PASS,54,55.2,44.0/48.0,46.0/50.0,44.0/44.5,90/100,300/290,5/NA,600/10,75/24/2,PASS
1091,RELIANCE,HE518989,D82310478900057,54.08,12:12:12:12:12:12,PARAS,26/10/2023,21:31:00,PASS,PASS,PASS,PASS,PASS,PASS,PASS,PASS,PASS,PASS,PASS,PASS,PASS,PASS,PASS,54,55.2,44.0/48.0,46.0/50.0,44.0/44.5,90/100,300/290,5/NA,600/10,75/24/2,PASS
1092,RELIANCE,HE518989,D82310478900058,54.08,12:12:12:12:12:12,PARAS,27/10/2023,22:31:00,PASS,PASS,PASS,PASS,PASS,PASS,PASS,PASS,PASS,PASS,PASS,PASS,PASS,PASS,PASS,54,55.2,44.0/48.0,46.0/50.0,44.0/44.5,90/100,300/290,5/NA,600/10,75/24/2,PASS
1093,RELIANCE,HE518989,D82310478900059,54.08,12:12:12:12:12:12,PARAS,28/10/2023,23:31:00,PASS,PASS,PASS,PASS,PASS,PASS,PASS,PASS,PASS,PASS,PASS,PASS,PASS,PASS,PASS,54,55.2,44.0/48.0,46.0/50.0,44.0/44.5,90/100,300/290,5/NA,600/10,75/24/2,PASS
1094,RELIANCE,HE518989,D82310478900060,54.08,12:12:12:12:12:12,PARAS,29/10/2023,0:31:00,PASS,PASS,PASS,PASS,PASS,PASS,PASS,PASS,PASS,PASS,PASS,PASS,PASS,PASS,PASS,54,55.2,44.0/48.0,46.0/50.0,44.0/44.5,90/100,300/290,5/NA,600/10,75/24/2,PASS
1095,RELIANCE,HE518989,D82310478900061,54.08,12:12:12:12:12:12,PARAS,30/10/2023,1:31:00,PASS,PASS,PASS,PASS,PASS,PASS,PASS,PASS,PASS,PASS,PASS,PASS,PASS,PASS,PASS,54,55.2,44.0/48.0,46.0/50.0,44.0/44.5,90/100,300/290,5/NA,600/10,75/24/2,FAIL
1096,RELIANCE,HE518989,D82310478900062,54.08,12:12:12:12:12:12,PARAS,31/10/2023,2:31:00,PASS,PASS,PASS,PASS,PASS,PASS,PASS,PASS,PASS,PASS,PASS,PASS,PASS,PASS,PASS,54,55.2,44.0/48.0,46.0/50.0,44.0/44.5,90/100,300/290,5/NA,600/10,75/24/2,FAIL
1097,RELIANCE,HE518989,D82310478900063,54.08,12:12:12:12:12:12,PARAS,01/11/2023,3:31:00,PASS,PASS,PASS,PASS,PASS,PASS,PASS,PASS,PASS,PASS,PASS,PASS,PASS,PASS,PASS,54,55.2,44.0/48.0,46.0/50.0,44.0/44.5,90/100,300/290,5/NA,600/10,75/24/2,FAIL
1098,RELIANCE,HE518989,D82310478900064,54.08,12:12:12:12:12:12,PARAS,02/11/2023,4:31:00,PASS,PASS,PASS,PASS,PASS,PASS,PASS,PASS,PASS,PASS,PASS,PASS,PASS,PASS,PASS,54,55.2,44.0/48.0,46.0/50.0,44.0/44.5,90/100,300/290,5/NA,600/10,75/24/2,PASS
1099,RELIANCE,HE518989,D82310478900065,54.08,12:12:12:12:12:12,PARAS,03/11/2023,5:31:00,PASS,PASS,PASS,PASS,PASS,PASS,PASS,PASS,PASS,PASS,PASS,PASS,PASS,PASS,PASS,54,55.2,44.0/48.0,46.0/50.0,44.0/44.5,90/100,300/290,5/NA,600/10,75/24/2,PASS
1100,RELIANCE,HE518989,D82310478900066,54.08,12:12:12:12:12:12,PARAS,04/11/2023,6:31:00,PASS,PASS,PASS,PASS,PASS,PASS,PASS,PASS,PASS,PASS,PASS,PASS,PASS,PASS,PASS,54,55.2,44.0/48.0,46.0/50.0,44.0/44.5,90/100,300/290,5/NA,600/10,75/24/2,PASS
1101,RELIANCE,HE518989,D82310478900067,54.08,12:12:12:12:12:12,PARAS,05/11/2023,7:31:00,PASS,PASS,PASS,PASS,PASS,PASS,PASS,PASS,PASS,PASS,PASS,PASS,PASS,PASS,PASS,54,55.2,44.0/48.0,46.0/50.0,44.0/44.5,90/100,300/290,5/NA,600/10,75/24/2,PASS
1102,RELIANCE,HE518989,D82310478900068,54.08,12:12:12:12:12:12,PARAS,06/11/2023,8:31:00,PASS,PASS,PASS,PASS,PASS,PASS,PASS,PASS,PASS,PASS,PASS,PASS,PASS,PASS,PASS,54,55.2,44.0/48.0,46.0/50.0,44.0/44.5,90/100,300/290,5/NA,600/10,75/24/2,PASS
1103,RELIANCE,HE518989,D82310478900069,54.08,12:12:12:12:12:12,PARAS,07/11/2023,9:31:00,PASS,PASS,PASS,PASS,PASS,PASS,PASS,PASS,PASS,PASS,PASS,PASS,PASS,PASS,PASS,54,55.2,44.0/48.0,46.0/50.0,44.0/44.5,90/100,300/290,5/NA,600/10,75/24/2,PASS
1104,RELIANCE,HE518989,D82310478900070,54.08,12:12:12:12:12:12,PARAS,08/11/2023,10:31:00,PASS,PASS,PASS,PASS,PASS,PASS,PASS,PASS,PASS,PASS,PASS,PASS,PASS,PASS,PASS,54,55.2,44.0/48.0,46.0/50.0,44.0/44.5,90/100,300/290,5/NA,600/10,75/24/2,FAIL
1105,RELIANCE,HE518989,D82310478900071,54.08,12:12:12:12:12:12,PARAS,09/11/2023,11:31:00,PASS,PASS,PASS,PASS,PASS,PASS,PASS,PASS,PASS,PASS,PASS,PASS,PASS,PASS,PASS,54,55.2,44.0/48.0,46.0/50.0,44.0/44.5,90/100,300/290,5/NA,600/10,75/24/2,FAIL
1106,RELIANCE,HE518989,D82310478900072,54.08,12:12:12:12:12:12,PARAS,10/11/2023,12:31:00,PASS,PASS,PASS,PASS,PASS,PASS,PASS,PASS,PASS,PASS,PASS,PASS,PASS,PASS,PASS,54,55.2,44.0/48.0,46.0/50.0,44.0/44.5,90/100,300/290,5/NA,600/10,75/24/2,FAIL
1107,RELIANCE,HE518989,D82310478900073,54.08,12:12:12:12:12:12,PARAS,11/11/2023,13:31:00,PASS,PASS,PASS,PASS,PASS,PASS,PASS,PASS,PASS,PASS,PASS,PASS,PASS,PASS,PASS,54,55.2,44.0/48.0,46.0/50.0,44.0/44.5,90/100,300/290,5/NA,600/10,75/24/2,PASS
1108,RELIANCE,HE518989,D82310478900074,54.08,12:12:12:12:12:12,PARAS,12/11/2023,14:31:00,PASS,PASS,PASS,PASS,PASS,PASS,PASS,PASS,PASS,PASS,PASS,PASS,PASS,PASS,PASS,54,55.2,44.0/48.0,46.0/50.0,44.0/44.5,90/100,300/290,5/NA,600/10,75/24/2,PASS
1109,RELIANCE,HE518989,D82310478900075,54.08,12:12:12:12:12:12,PARAS,13/11/2023,15:31:00,PASS,PASS,PASS,PASS,PASS,PASS,PASS,PASS,PASS,PASS,PASS,PASS,PASS,PASS,PASS,54,55.2,44.0/48.0,46.0/50.0,44.0/44.5,90/100,300/290,5/NA,600/10,75/24/2,PASS
1110,RELIANCE,HE518989,D82310478900076,54.08,12:12:12:12:12:12,PARAS,14/11/2023,16:31:00,PASS,PASS,PASS,PASS,PASS,PASS,PASS,PASS,PASS,PASS,PASS,PASS,PASS,PASS,PASS,54,55.2,44.0/48.0,46.0/50.0,44.0/44.5,90/100,300/290,5/NA,600/10,75/24/2,PASS
1111,RELIANCE,HE518989,D82310478900077,54.08,12:12:12:12:12:12,PARAS,15/11/2023,17:31:00,PASS,PASS,PASS,PASS,PASS,PASS,PASS,PASS,PASS,PASS,PASS,PASS,PASS,PASS,PASS,54,55.2,44.0/48.0,46.0/50.0,44.0/44.5,90/100,300/290,5/NA,600/10,75/24/2,PASS
1112,RELIANCE,HE518989,D82310478900078,54.08,12:12:12:12:12:12,PARAS,16/11/2023,18:31:00,PASS,PASS,PASS,PASS,PASS,PASS,PASS,PASS,PASS,PASS,PASS,PASS,PASS,PASS,PASS,54,55.2,44.0/48.0,46.0/50.0,44.0/44.5,90/100,300/290,5/NA,600/10,75/24/2,PASS
1113,RELIANCE,HE518989,D82310478900079,54.08,12:12:12:12:12:12,PARAS,17/11/2023,19:31:00,PASS,PASS,PASS,PASS,PASS,PASS,PASS,PASS,PASS,PASS,PASS,PASS,PASS,PASS,PASS,54,55.2,44.0/48.0,46.0/50.0,44.0/44.5,90/100,300/290,5/NA,600/10,75/24/2,FAIL
1114,RELIANCE,HE518989,D82310478900080,54.08,12:12:12:12:12:12,PARAS,18/11/2023,20:31:00,PASS,PASS,PASS,PASS,PASS,PASS,PASS,PASS,PASS,PASS,PASS,PASS,PASS,PASS,PASS,54,55.2,44.0/48.0,46.0/50.0,44.0/44.5,90/100,300/290,5/NA,600/10,75/24/2,FAIL
1115,RELIANCE,HE518989,D82310478900081,54.08,12:12:12:12:12:12,PARAS,19/11/2023,21:31:00,PASS,PASS,PASS,PASS,PASS,PASS,PASS,PASS,PASS,PASS,PASS,PASS,PASS,PASS,PASS,54,55.2,44.0/48.0,46.0/50.0,44.0/44.5,90/100,300/290,5/NA,600/10,75/24/2,FAIL
1116,RELIANCE,HE518989,D82310478900082,54.08,12:12:12:12:12:12,PARAS,20/11/2023,22:31:00,PASS,PASS,PASS,PASS,PASS,PASS,PASS,PASS,PASS,PASS,PASS,PASS,PASS,PASS,PASS,54,55.2,44.0/48.0,46.0/50.0,44.0/44.5,90/100,300/290,5/NA,600/10,75/24/2,PASS
1117,RELIANCE,HE518989,D82310478900083,54.08,12:12:12:12:12:12,PARAS,21/11/2023,23:31:00,PASS,PASS,PASS,PASS,PASS,PASS,PASS,PASS,PASS,PASS,PASS,PASS,PASS,PASS,PASS,54,55.2,44.0/48.0,46.0/50.0,44.0/44.5,90/100,300/290,5/NA,600/10,75/24/2,PASS
1118,RELIANCE,HE518989,D82310478900084,54.08,12:12:12:12:12:12,PARAS,22/11/2023,0:31:00,PASS,PASS,PASS,PASS,PASS,PASS,PASS,PASS,PASS,PASS,PASS,PASS,PASS,PASS,PASS,54,55.2,44.0/48.0,46.0/50.0,44.0/44.5,90/100,300/290,5/NA,600/10,75/24/2,PASS
1119,RELIANCE,HE518989,D82310478900085,54.08,12:12:12:12:12:12,PARAS,23/11/2023,1:31:00,PASS,PASS,PASS,PASS,PASS,PASS,PASS,PASS,PASS,PASS,PASS,PASS,PASS,PASS,PASS,54,55.2,44.0/48.0,46.0/50.0,44.0/44.5,90/100,300/290,5/NA,600/10,75/24/2,PASS
1120,RELIANCE,HE518989,D82310478900086,54.08,12:12:12:12:12:12,PARAS,24/11/2023,2:31:00,PASS,PASS,PASS,PASS,PASS,PASS,PASS,PASS,PASS,PASS,PASS,PASS,PASS,PASS,PASS,54,55.2,44.0/48.0,46.0/50.0,44.0/44.5,90/100,300/290,5/NA,600/10,75/24/2,PASS
1121,RELIANCE,HE518989,D82310478900087,54.08,12:12:12:12:12:12,PARAS,25/11/2023,3:31:00,PASS,PASS,PASS,PASS,PASS,PASS,PASS,PASS,PASS,PASS,PASS,PASS,PASS,PASS,PASS,54,55.2,44.0/48.0,46.0/50.0,44.0/44.5,90/100,300/290,5/NA,600/10,75/24/2,PASS
1122,RELIANCE,HE518989,D82310478900088,54.08,12:12:12:12:12:12,PARAS,26/11/2023,4:31:00,PASS,PASS,PASS,PASS,PASS,PASS,PASS,PASS,PASS,PASS,PASS,PASS,PASS,PASS,PASS,54,55.2,44.0/48.0,46.0/50.0,44.0/44.5,90/100,300/290,5/NA,600/10,75/24/2,FAIL
1123,RELIANCE,HE518989,D82310478900089,54.08,12:12:12:12:12:12,PARAS,27/11/2023,5:31:00,PASS,PASS,PASS,PASS,PASS,PASS,PASS,PASS,PASS,PASS,PASS,PASS,PASS,PASS,PASS,54,55.2,44.0/48.0,46.0/50.0,44.0/44.5,90/100,300/290,5/NA,600/10,75/24/2,FAIL
1124,RELIANCE,HE518989,D82310478900090,54.08,12:12:12:12:12:12,PARAS,28/11/2023,6:31:00,PASS,PASS,PASS,PASS,PASS,PASS,PASS,PASS,PASS,PASS,PASS,PASS,PASS,PASS,PASS,54,55.2,44.0/48.0,46.0/50.0,44.0/44.5,90/100,300/290,5/NA,600/10,75/24/2,FAIL
1125,RELIANCE,HE518989,D82310478900091,54.08,12:12:12:12:12:12,PARAS,29/11/2023,7:31:00,PASS,PASS,PASS,PASS,PASS,PASS,PASS,PASS,PASS,PASS,PASS,PASS,PASS,PASS,PASS,54,55.2,44.0/48.0,46.0/50.0,44.0/44.5,90/100,300/290,5/NA,600/10,75/24/2,PASS
1126,RELIANCE,HE518989,D82310478900092,54.08,12:12:12:12:12:12,PARAS,30/11/2023,8:31:00,PASS,PASS,PASS,PASS,PASS,PASS,PASS,PASS,PASS,PASS,PASS,PASS,PASS,PASS,PASS,54,55.2,44.0/48.0,46.0/50.0,44.0/44.5,90/100,300/290,5/NA,600/10,75/24/2,PASS
1127,RELIANCE,HE518989,D82310478900093,54.08,12:12:12:12:12:12,PARAS,01/12/2023,9:31:00,PASS,PASS,PASS,PASS,PASS,PASS,PASS,PASS,PASS,PASS,PASS,PASS,PASS,PASS,PASS,54,55.2,44.0/48.0,46.0/50.0,44.0/44.5,90/100,300/290,5/NA,600/10,75/24/2,PASS
1128,RELIANCE,HE518989,D82310478900094,54.08,12:12:12:12:12:12,PARAS,02/12/2023,10:31:00,PASS,PASS,PASS,PASS,PASS,PASS,PASS,PASS,PASS,PASS,PASS,PASS,PASS,PASS,PASS,54,55.2,44.0/48.0,46.0/50.0,44.0/44.5,90/100,300/290,5/NA,600/10,75/24/2,PASS
1129,RELIANCE,HE518989,D82310478900095,54.08,12:12:12:12:12:12,PARAS,03/12/2023,11:31:00,PASS,PASS,PASS,PASS,PASS,PASS,PASS,PASS,PASS,PASS,PASS,PASS,PASS,PASS,PASS,54,55.2,44.0/48.0,46.0/50.0,44.0/44.5,90/100,300/290,5/NA,600/10,75/24/2,PASS
1130,RELIANCE,HE518989,D82310478900096,54.08,12:12:12:12:12:12,PARAS,04/12/2023,12:31:00,PASS,PASS,PASS,PASS,PASS,PASS,PASS,PASS,PASS,PASS,PASS,PASS,PASS,PASS,PASS,54,55.2,44.0/48.0,46.0/50.0,44.0/44.5,90/100,300/290,5/NA,600/10,75/24/2,PASS
1131,RELIANCE,HE518989,D82310478900097,54.08,12:12:12:12:12:12,PARAS,05/12/2023,13:31:00,PASS,PASS,PASS,PASS,PASS,PASS,PASS,PASS,PASS,PASS,PASS,PASS,PASS,PASS,PASS,54,55.2,44.0/48.0,46.0/50.0,44.0/44.5,90/100,300/290,5/NA,600/10,75/24/2,FAIL
1132,RELIANCE,HE518989,D82310478900098,54.08,12:12:12:12:12:12,PARAS,06/12/2023,14:31:00,PASS,PASS,PASS,PASS,PASS,PASS,PASS,PASS,PASS,PASS,PASS,PASS,PASS,PASS,PASS,54,55.2,44.0/48.0,46.0/50.0,44.0/44.5,90/100,300/290,5/NA,600/10,75/24/2,FAIL
1133,RELIANCE,HE518989,D82310478900099,54.08,12:12:12:12:12:12,PARAS,07/12/2023,15:31:00,PASS,PASS,PASS,PASS,PASS,PASS,PASS,PASS,PASS,PASS,PASS,PASS,PASS,PASS,PASS,54,55.2,44.0/48.0,46.0/50.0,44.0/44.5,90/100,300/290,5/NA,600/10,75/24/2,FAIL
1134,RELIANCE,HE518989,D82310478900100,54.08,12:12:12:12:12:12,PARAS,08/12/2023,16:31:00,PASS,PASS,PASS,PASS,PASS,PASS,PASS,PASS,PASS,PASS,PASS,PASS,PASS,PASS,PASS,54,55.2,44.0/48.0,46.0/50.0,44.0/44.5,90/100,300/290,5/NA,600/10,75/24/2,PASS
1135,RELIANCE,HE518978,D82310478900101,54.08,12:12:12:12:12:12,PARAS,09/12/2023,17:31:00,PASS,PASS,PASS,PASS,PASS,PASS,PASS,PASS,PASS,PASS,PASS,PASS,PASS,PASS,PASS,54,55.2,44.0/48.0,46.0/50.0,44.0/44.5,90/100,300/290,5/NA,600/10,75/24/2,PASS
1136,RELIANCE,HE518978,D82310478900102,54.08,12:12:12:12:12:12,PARAS,10/12/2023,18:31:00,PASS,PASS,PASS,PASS,PASS,PASS,PASS,PASS,PASS,PASS,PASS,PASS,PASS,PASS,PASS,54,55.2,44.0/48.0,46.0/50.0,44.0/44.5,90/100,300/290,5/NA,600/10,75/24/2,PASS
1137,RELIANCE,HE518978,D82310478900103,54.08,12:12:12:12:12:12,PARAS,11/12/2023,19:31:00,PASS,PASS,PASS,PASS,PASS,PASS,PASS,PASS,PASS,PASS,PASS,PASS,PASS,PASS,PASS,54,55.2,44.0/48.0,46.0/50.0,44.0/44.5,90/100,300/290,5/NA,600/10,75/24/2,PASS
1138,RELIANCE,HE518978,D82310478900104,54.08,12:12:12:12:12:12,PARAS,12/12/2023,20:31:00,PASS,PASS,PASS,PASS,PASS,PASS,PASS,PASS,PASS,PASS,PASS,PASS,PASS,PASS,PASS,54,55.2,44.0/48.0,46.0/50.0,44.0/44.5,90/100,300/290,5/NA,600/10,75/24/2,PASS
1139,RELIANCE,HE518978,D82310478900105,54.08,12:12:12:12:12:12,PARAS,13/12/2023,21:31:00,PASS,PASS,PASS,PASS,PASS,PASS,PASS,PASS,PASS,PASS,PASS,PASS,PASS,PASS,PASS,54,55.2,44.0/48.0,46.0/50.0,44.0/44.5,90/100,300/290,5/NA,600/10,75/24/2,PASS
1140,RELIANCE,HE518978,D82310478900106,54.08,12:12:12:12:12:12,PARAS,14/12/2023,22:31:00,PASS,PASS,PASS,PASS,PASS,PASS,PASS,PASS,PASS,PASS,PASS,PASS,PASS,PASS,PASS,54,55.2,44.0/48.0,46.0/50.0,44.0/44.5,90/100,300/290,5/NA,600/10,75/24/2,FAIL
1141,RELIANCE,HE518978,D82310478900107,54.08,12:12:12:12:12:12,PARAS,15/12/2023,23:31:00,PASS,PASS,PASS,PASS,PASS,PASS,PASS,PASS,PASS,PASS,PASS,PASS,PASS,PASS,PASS,54,55.2,44.0/48.0,46.0/50.0,44.0/44.5,90/100,300/290,5/NA,600/10,75/24/2,FAIL
1142,RELIANCE,HE518978,D82310478900108,54.08,12:12:12:12:12:12,PARAS,16/12/2023,0:31:00,PASS,PASS,PASS,PASS,PASS,PASS,PASS,PASS,PASS,PASS,PASS,PASS,PASS,PASS,PASS,54,55.2,44.0/48.0,46.0/50.0,44.0/44.5,90/100,300/290,5/NA,600/10,75/24/2,FAIL
1143,RELIANCE,HE518978,D82310478900109,54.08,12:12:12:12:12:12,PARAS,17/12/2023,1:31:00,PASS,PASS,PASS,PASS,PASS,PASS,PASS,PASS,PASS,PASS,PASS,PASS,PASS,PASS,PASS,54,55.2,44.0/48.0,46.0/50.0,44.0/44.5,90/100,300/290,5/NA,600/10,75/24/2,PASS
1144,RELIANCE,HE518978,D82310478900110,54.08,12:12:12:12:12:12,PARAS,18/12/2023,2:31:00,PASS,PASS,PASS,PASS,PASS,PASS,PASS,PASS,PASS,PASS,PASS,PASS,PASS,PASS,PASS,54,55.2,44.0/48.0,46.0/50.0,44.0/44.5,90/100,300/290,5/NA,600/10,75/24/2,PASS
1145,RELIANCE,HE518978,D82310478900111,54.08,12:12:12:12:12:12,PARAS,19/12/2023,3:31:00,PASS,PASS,PASS,PASS,PASS,PASS,PASS,PASS,PASS,PASS,PASS,PASS,PASS,PASS,PASS,54,55.2,44.0/48.0,46.0/50.0,44.0/44.5,90/100,300/290,5/NA,600/10,75/24/2,PASS
1146,RELIANCE,HE518978,D82310478900112,54.08,12:12:12:12:12:12,PARAS,20/12/2023,4:31:00,PASS,PASS,PASS,PASS,PASS,PASS,PASS,PASS,PASS,PASS,PASS,PASS,PASS,PASS,PASS,54,55.2,44.0/48.0,46.0/50.0,44.0/44.5,90/100,300/290,5/NA,600/10,75/24/2,PASS
1147,RELIANCE,HE518978,D82310478900113,54.08,12:12:12:12:12:12,PARAS,21/12/2023,5:31:00,PASS,PASS,PASS,PASS,PASS,PASS,PASS,PASS,PASS,PASS,PASS,PASS,PASS,PASS,PASS,54,55.2,44.0/48.0,46.0/50.0,44.0/44.5,90/100,300/290,5/NA,600/10,75/24/2,PASS
1148,RELIANCE,HE518978,D82310478900114,54.08,12:12:12:12:12:12,PARAS,22/12/2023,6:31:00,PASS,PASS,PASS,PASS,PASS,PASS,PASS,PASS,PASS,PASS,PASS,PASS,PASS,PASS,PASS,54,55.2,44.0/48.0,46.0/50.0,44.0/44.5,90/100,300/290,5/NA,600/10,75/24/2,PASS
1149,RELIANCE,HE518978,D82310478900115,54.08,12:12:12:12:12:12,PARAS,23/12/2023,7:31:00,PASS,PASS,PASS,PASS,PASS,PASS,PASS,PASS,PASS,PASS,PASS,PASS,PASS,PASS,PASS,54,55.2,44.0/48.0,46.0/50.0,44.0/44.5,90/100,300/290,5/NA,600/10,75/24/2,FAIL
1150,RELIANCE,HE518978,D82310478900116,54.08,12:12:12:12:12:12,PARAS,24/12/2023,8:31:00,PASS,PASS,PASS,PASS,PASS,PASS,PASS,PASS,PASS,PASS,PASS,PASS,PASS,PASS,PASS,54,55.2,44.0/48.0,46.0/50.0,44.0/44.5,90/100,300/290,5/NA,600/10,75/24/2,FAIL
1151,RELIANCE,HE518978,D82310478900117,54.08,12:12:12:12:12:12,PARAS,25/12/2023,9:31:00,PASS,PASS,PASS,PASS,PASS,PASS,PASS,PASS,PASS,PASS,PASS,PASS,PASS,PASS,PASS,54,55.2,44.0/48.0,46.0/50.0,44.0/44.5,90/100,300/290,5/NA,600/10,75/24/2,FAIL
1152,RELIANCE,HE518978,D82310478900118,54.08,12:12:12:12:12:12,PARAS,26/12/2023,10:31:00,PASS,PASS,PASS,PASS,PASS,PASS,PASS,PASS,PASS,PASS,PASS,PASS,PASS,PASS,PASS,54,55.2,44.0/48.0,46.0/50.0,44.0/44.5,90/100,300/290,5/NA,600/10,75/24/2,PASS
1153,RELIANCE,HE518978,D82310478900119,54.08,12:12:12:12:12:12,PARAS,27/12/2023,11:31:00,PASS,PASS,PASS,PASS,PASS,PASS,PASS,PASS,PASS,PASS,PASS,PASS,PASS,PASS,PASS,54,55.2,44.0/48.0,46.0/50.0,44.0/44.5,90/100,300/290,5/NA,600/10,75/24/2,PASS
1154,RELIANCE,HE518978,D82310478900120,54.08,12:12:12:12:12:12,PARAS,28/12/2023,12:31:00,PASS,PASS,PASS,PASS,PASS,PASS,PASS,PASS,PASS,PASS,PASS,PASS,PASS,PASS,PASS,54,55.2,44.0/48.0,46.0/50.0,44.0/44.5,90/100,300/290,5/NA,600/10,75/24/2,PASS
1155,RELIANCE,HE518978,D82310478900121,54.08,12:12:12:12:12:12,PARAS,29/12/2023,13:31:00,PASS,PASS,PASS,PASS,PASS,PASS,PASS,PASS,PASS,PASS,PASS,PASS,PASS,PASS,PASS,54,55.2,44.0/48.0,46.0/50.0,44.0/44.5,90/100,300/290,5/NA,600/10,75/24/2,PASS
1156,RELIANCE,HE518978,D82310478900122,54.08,12:12:12:12:12:12,PARAS,30/12/2023,14:31:00,PASS,PASS,PASS,PASS,PASS,PASS,PASS,PASS,PASS,PASS,PASS,PASS,PASS,PASS,PASS,54,55.2,44.0/48.0,46.0/50.0,44.0/44.5,90/100,300/290,5/NA,600/10,75/24/2,PASS
1157,RELIANCE,HE518978,D82310478900123,54.08,12:12:12:12:12:12,PARAS,31/12/2023,15:31:00,PASS,PASS,PASS,PASS,PASS,PASS,PASS,PASS,PASS,PASS,PASS,PASS,PASS,PASS,PASS,54,55.2,44.0/48.0,46.0/50.0,44.0/44.5,90/100,300/290,5/NA,600/10,75/24/2,PASS
1158,RELIANCE,HE518978,D82310478900124,54.08,12:12:12:12:12:12,PARAS,01/01/2024,16:31:00,PASS,PASS,PASS,PASS,PASS,PASS,PASS,PASS,PASS,PASS,PASS,PASS,PASS,PASS,PASS,54,55.2,44.0/48.0,46.0/50.0,44.0/44.5,90/100,300/290,5/NA,600/10,75/24/2,FAIL
1159,RELIANCE,HE518978,D82310478900125,54.08,12:12:12:12:12:12,PARAS,02/01/2024,17:31:00,PASS,PASS,PASS,PASS,PASS,PASS,PASS,PASS,PASS,PASS,PASS,PASS,PASS,PASS,PASS,54,55.2,44.0/48.0,46.0/50.0,44.0/44.5,90/100,300/290,5/NA,600/10,75/24/2,FAIL
1160,RELIANCE,HE518978,D82310478900126,54.08,12:12:12:12:12:12,PARAS,03/01/2024,18:31:00,PASS,PASS,PASS,PASS,PASS,PASS,PASS,PASS,PASS,PASS,PASS,PASS,PASS,PASS,PASS,54,55.2,44.0/48.0,46.0/50.0,44.0/44.5,90/100,300/290,5/NA,600/10,75/24/2,FAIL
1161,RELIANCE,HE518978,D82310478900127,54.08,12:12:12:12:12:12,PARAS,04/01/2024,19:31:00,PASS,PASS,PASS,PASS,PASS,PASS,PASS,PASS,PASS,PASS,PASS,PASS,PASS,PASS,PASS,54,55.2,44.0/48.0,46.0/50.0,44.0/44.5,90/100,300/290,5/NA,600/10,75/24/2,PASS
1162,RELIANCE,HE518978,D82310478900128,54.08,12:12:12:12:12:12,PARAS,05/01/2024,20:31:00,PASS,PASS,PASS,PASS,PASS,PASS,PASS,PASS,PASS,PASS,PASS,PASS,PASS,PASS,PASS,54,55.2,44.0/48.0,46.0/50.0,44.0/44.5,90/100,300/290,5/NA,600/10,75/24/2,PASS
1163,RELIANCE,HE518978,D82310478900129,54.08,12:12:12:12:12:12,PARAS,06/01/2024,21:31:00,PASS,PASS,PASS,PASS,PASS,PASS,PASS,PASS,PASS,PASS,PASS,PASS,PASS,PASS,PASS,54,55.2,44.0/48.0,46.0/50.0,44.0/44.5,90/100,300/290,5/NA,600/10,75/24/2,PASS
1164,RELIANCE,HE518978,D82310478900130,54.08,12:12:12:12:12:12,PARAS,07/01/2024,22:31:00,PASS,PASS,PASS,PASS,PASS,PASS,PASS,PASS,PASS,PASS,PASS,PASS,PASS,PASS,PASS,54,55.2,44.0/48.0,46.0/50.0,44.0/44.5,90/100,300/290,5/NA,600/10,75/24/2,PASS
1165,RELIANCE,HE518978,D82310478900131,54.08,12:12:12:12:12:12,PARAS,08/01/2024,23:31:00,PASS,PASS,PASS,PASS,PASS,PASS,PASS,PASS,PASS,PASS,PASS,PASS,PASS,PASS,PASS,54,55.2,44.0/48.0,46.0/50.0,44.0/44.5,90/100,300/290,5/NA,600/10,75/24/2,PASS
1166,RELIANCE,HE518978,D82310478900132,54.08,12:12:12:12:12:12,PARAS,09/01/2024,0:31:00,PASS,PASS,PASS,PASS,PASS,PASS,PASS,PASS,PASS,PASS,PASS,PASS,PASS,PASS,PASS,54,55.2,44.0/48.0,46.0/50.0,44.0/44.5,90/100,300/290,5/NA,600/10,75/24/2,PASS
1167,RELIANCE,HE518978,D82310478900133,54.08,12:12:12:12:12:12,PARAS,10/01/2024,1:31:00,PASS,PASS,PASS,PASS,PASS,PASS,PASS,PASS,PASS,PASS,PASS,PASS,PASS,PASS,PASS,54,55.2,44.0/48.0,46.0/50.0,44.0/44.5,90/100,300/290,5/NA,600/10,75/24/2,FAIL
1168,RELIANCE,HE518978,D82310478900134,54.08,12:12:12:12:12:12,PARAS,11/01/2024,2:31:00,PASS,PASS,PASS,PASS,PASS,PASS,PASS,PASS,PASS,PASS,PASS,PASS,PASS,PASS,PASS,54,55.2,44.0/48.0,46.0/50.0,44.0/44.5,90/100,300/290,5/NA,600/10,75/24/2,FAIL
1169,RELIANCE,HE518978,D82310478900135,54.08,12:12:12:12:12:12,PARAS,12/01/2024,3:31:00,PASS,PASS,PASS,PASS,PASS,PASS,PASS,PASS,PASS,PASS,PASS,PASS,PASS,PASS,PASS,54,55.2,44.0/48.0,46.0/50.0,44.0/44.5,90/100,300/290,5/NA,600/10,75/24/2,FAIL
1170,RELIANCE,HE518761,D82310478900136,54.08,12:12:12:12:12:12,PARAS,13/01/2024,4:31:00,PASS,PASS,PASS,PASS,PASS,PASS,PASS,PASS,PASS,PASS,PASS,PASS,PASS,PASS,PASS,54,55.2,44.0/48.0,46.0/50.0,44.0/44.5,90/100,300/290,5/NA,600/10,75/24/2,PASS
1171,RELIANCE,HE518762,D82310478900137,54.08,12:12:12:12:12:12,PARAS,14/01/2024,5:31:00,PASS,PASS,PASS,PASS,PASS,PASS,PASS,PASS,PASS,PASS,PASS,PASS,PASS,PASS,PASS,54,55.2,44.0/48.0,46.0/50.0,44.0/44.5,90/100,300/290,5/NA,600/10,75/24/2,PASS
1172,RELIANCE,HE518763,D82310478900138,54.08,12:12:12:12:12:12,PARAS,15/01/2024,6:31:00,PASS,PASS,PASS,PASS,PASS,PASS,PASS,PASS,PASS,PASS,PASS,PASS,PASS,PASS,PASS,54,55.2,44.0/48.0,46.0/50.0,44.0/44.5,90/100,300/290,5/NA,600/10,75/24/2,PASS
1173,RELIANCE,HE518764,D82310478900139,54.08,12:12:12:12:12:12,PARAS,16/01/2024,7:31:00,PASS,PASS,PASS,PASS,PASS,PASS,PASS,PASS,PASS,PASS,PASS,PASS,PASS,PASS,PASS,54,55.2,44.0/48.0,46.0/50.0,44.0/44.5,90/100,300/290,5/NA,600/10,75/24/2,PASS
1174,RELIANCE,HE518765,D82310478900140,54.08,12:12:12:12:12:12,PARAS,17/01/2024,8:31:00,PASS,PASS,PASS,PASS,PASS,PASS,PASS,PASS,PASS,PASS,PASS,PASS,PASS,PASS,PASS,54,55.2,44.0/48.0,46.0/50.0,44.0/44.5,90/100,300/290,5/NA,600/10,75/24/2,PASS
1175,RELIANCE,HE518766,D82310478900141,54.08,12:12:12:12:12:12,PARAS,18/01/2024,9:31:00,PASS,PASS,PASS,PASS,PASS,PASS,PASS,PASS,PASS,PASS,PASS,PASS,PASS,PASS,PASS,54,55.2,44.0/48.0,46.0/50.0,44.0/44.5,90/100,300/290,5/NA,600/10,75/24/2,PASS
1176,RELIANCE,HE518767,D82310478900142,54.08,12:12:12:12:12:12,PARAS,19/01/2024,10:31:00,PASS,PASS,PASS,PASS,PASS,PASS,PASS,PASS,PASS,PASS,PASS,PASS,PASS,PASS,PASS,54,55.2,44.0/48.0,46.0/50.0,44.0/44.5,90/100,300/290,5/NA,600/10,75/24/2,FAIL
1177,RELIANCE,HE518768,D82310478900143,54.08,12:12:12:12:12:12,PARAS,20/01/2024,11:31:00,PASS,PASS,PASS,PASS,PASS,PASS,PASS,PASS,PASS,PASS,PASS,PASS,PASS,PASS,PASS,54,55.2,44.0/48.0,46.0/50.0,44.0/44.5,90/100,300/290,5/NA,600/10,75/24/2,FAIL
1178,RELIANCE,HE518769,D82310478900144,54.08,12:12:12:12:12:12,PARAS,21/01/2024,12:31:00,PASS,PASS,PASS,PASS,PASS,PASS,PASS,PASS,PASS,PASS,PASS,PASS,PASS,PASS,PASS,54,55.2,44.0/48.0,46.0/50.0,44.0/44.5,90/100,300/290,5/NA,600/10,75/24/2,FAIL
1179,RELIANCE,HE518770,D82310478900145,54.08,12:12:12:12:12:12,PARAS,22/01/2024,13:31:00,PASS,PASS,PASS,PASS,PASS,PASS,PASS,PASS,PASS,PASS,PASS,PASS,PASS,PASS,PASS,54,55.2,44.0/48.0,46.0/50.0,44.0/44.5,90/100,300/290,5/NA,600/10,75/24/2,PASS
1180,RELIANCE,HE518771,D82310478900146,54.08,12:12:12:12:12:12,PARAS,23/01/2024,14:31:00,PASS,PASS,PASS,PASS,PASS,PASS,PASS,PASS,PASS,PASS,PASS,PASS,PASS,PASS,PASS,54,55.2,44.0/48.0,46.0/50.0,44.0/44.5,90/100,300/290,5/NA,600/10,75/24/2,PASS
1181,RELIANCE,HE518772,D82310478900147,54.08,12:12:12:12:12:12,PARAS,24/01/2024,15:31:00,PASS,PASS,PASS,PASS,PASS,PASS,PASS,PASS,PASS,PASS,PASS,PASS,PASS,PASS,PASS,54,55.2,44.0/48.0,46.0/50.0,44.0/44.5,90/100,300/290,5/NA,600/10,75/24/2,PASS
1182,RELIANCE,HE518773,D82310478900148,54.08,12:12:12:12:12:12,PARAS,25/01/2024,16:31:00,PASS,PASS,PASS,PASS,PASS,PASS,PASS,PASS,PASS,PASS,PASS,PASS,PASS,PASS,PASS,54,55.2,44.0/48.0,46.0/50.0,44.0/44.5,90/100,300/290,5/NA,600/10,75/24/2,PASS
1183,RELIANCE,HE518774,D82310478900149,54.08,12:12:12:12:12:12,PARAS,26/01/2024,17:31:00,PASS,PASS,PASS,PASS,PASS,PASS,PASS,PASS,PASS,PASS,PASS,PASS,PASS,PASS,PASS,54,55.2,44.0/48.0,46.0/50.0,44.0/44.5,90/100,300/290,5/NA,600/10,75/24/2,PASS
1184,RELIANCE,HE518775,D82310478900150,54.08,12:12:12:12:12:12,PARAS,27/01/2024,18:31:00,PASS,PASS,PASS,PASS,PASS,PASS,PASS,PASS,PASS,PASS,PASS,PASS,PASS,PASS,PASS,54,55.2,44.0/48.0,46.0/50.0,44.0/44.5,90/100,300/290,5/NA,600/10,75/24/2,PASS
1185,RELIANCE,HE518776,D82310478900151,54.08,12:12:12:12:12:12,PARAS,28/01/2024,19:31:00,PASS,PASS,PASS,PASS,PASS,PASS,PASS,PASS,PASS,PASS,PASS,PASS,PASS,PASS,PASS,54,55.2,44.0/48.0,46.0/50.0,44.0/44.5,90/100,300/290,5/NA,600/10,75/24/2,FAIL
1186,RELIANCE,HE518777,D82310478900152,54.08,12:12:12:12:12:12,PARAS,29/01/2024,20:31:00,PASS,PASS,PASS,PASS,PASS,PASS,PASS,PASS,PASS,PASS,PASS,PASS,PASS,PASS,PASS,54,55.2,44.0/48.0,46.0/50.0,44.0/44.5,90/100,300/290,5/NA,600/10,75/24/2,FAIL
1187,RELIANCE,HE518778,D82310478900153,54.08,12:12:12:12:12:12,PARAS,30/01/2024,21:31:00,PASS,PASS,PASS,PASS,PASS,PASS,PASS,PASS,PASS,PASS,PASS,PASS,PASS,PASS,PASS,54,55.2,44.0/48.0,46.0/50.0,44.0/44.5,90/100,300/290,5/NA,600/10,75/24/2,FAIL
1188,RELIANCE,HE518779,D82310478900154,54.08,12:12:12:12:12:12,PARAS,31/01/2024,22:31:00,PASS,PASS,PASS,PASS,PASS,PASS,PASS,PASS,PASS,PASS,PASS,PASS,PASS,PASS,PASS,54,55.2,44.0/48.0,46.0/50.0,44.0/44.5,90/100,300/290,5/NA,600/10,75/24/2,PASS
1189,RELIANCE,HE518780,D82310478900155,54.08,12:12:12:12:12:12,PARAS,01/02/2024,23:31:00,PASS,PASS,PASS,PASS,PASS,PASS,PASS,PASS,PASS,PASS,PASS,PASS,PASS,PASS,PASS,54,55.2,44.0/48.0,46.0/50.0,44.0/44.5,90/100,300/290,5/NA,600/10,75/24/2,PASS
1190,RELIANCE,HE518781,D82310478900156,54.08,12:12:12:12:12:12,PARAS,02/02/2024,0:31:00,PASS,PASS,PASS,PASS,PASS,PASS,PASS,PASS,PASS,PASS,PASS,PASS,PASS,PASS,PASS,54,55.2,44.0/48.0,46.0/50.0,44.0/44.5,90/100,300/290,5/NA,600/10,75/24/2,PASS
1191,RELIANCE,HE518782,D82310478900157,54.08,12:12:12:12:12:12,PARAS,03/02/2024,1:31:00,PASS,PASS,PASS,PASS,PASS,PASS,PASS,PASS,PASS,PASS,PASS,PASS,PASS,PASS,PASS,54,55.2,44.0/48.0,46.0/50.0,44.0/44.5,90/100,300/290,5/NA,600/10,75/24/2,PASS
1192,RELIANCE,HE518783,D82310478900158,54.08,12:12:12:12:12:12,PARAS,04/02/2024,2:31:00,PASS,PASS,PASS,PASS,PASS,PASS,PASS,PASS,PASS,PASS,PASS,PASS,PASS,PASS,PASS,54,55.2,44.0/48.0,46.0/50.0,44.0/44.5,90/100,300/290,5/NA,600/10,75/24/2,PASS
1193,RELIANCE,HE518784,D82310478900159,54.08,12:12:12:12:12:12,PARAS,05/02/2024,3:31:00,PASS,PASS,PASS,PASS,PASS,PASS,PASS,PASS,PASS,PASS,PASS,PASS,PASS,PASS,PASS,54,55.2,44.0/48.0,46.0/50.0,44.0/44.5,90/100,300/290,5/NA,600/10,75/24/2,PASS
1194,RELIANCE,HE518785,D82310478900160,54.08,12:12:12:12:12:12,PARAS,06/02/2024,4:31:00,PASS,PASS,PASS,PASS,PASS,PASS,PASS,PASS,PASS,PASS,PASS,PASS,PASS,PASS,PASS,54,55.2,44.0/48.0,46.0/50.0,44.0/44.5,90/100,300/290,5/NA,600/10,75/24/2,FAIL
1195,RELIANCE,HE518786,D82310478900161,54.08,12:12:12:12:12:12,PARAS,07/02/2024,5:31:00,PASS,PASS,PASS,PASS,PASS,PASS,PASS,PASS,PASS,PASS,PASS,PASS,PASS,PASS,PASS,54,55.2,44.0/48.0,46.0/50.0,44.0/44.5,90/100,300/290,5/NA,600/10,75/24/2,FAIL
1196,RELIANCE,HE518787,D82310478900162,54.08,12:12:12:12:12:12,PARAS,08/02/2024,6:31:00,PASS,PASS,PASS,PASS,PASS,PASS,PASS,PASS,PASS,PASS,PASS,PASS,PASS,PASS,PASS,54,55.2,44.0/48.0,46.0/50.0,44.0/44.5,90/100,300/290,5/NA,600/10,75/24/2,FAIL
1197,RELIANCE,HE518788,D82310478900163,54.08,12:12:12:12:12:12,PARAS,09/02/2024,7:31:00,PASS,PASS,PASS,PASS,PASS,PASS,PASS,PASS,PASS,PASS,PASS,PASS,PASS,PASS,PASS,54,55.2,44.0/48.0,46.0/50.0,44.0/44.5,90/100,300/290,5/NA,600/10,75/24/2,PASS
1198,RELIANCE,HE518789,D82310478900164,54.08,12:12:12:12:12:12,PARAS,10/02/2024,8:31:00,PASS,PASS,PASS,PASS,PASS,PASS,PASS,PASS,PASS,PASS,PASS,PASS,PASS,PASS,PASS,54,55.2,44.0/48.0,46.0/50.0,44.0/44.5,90/100,300/290,5/NA,600/10,75/24/2,PASS
1199,RELIANCE,HE518790,D82310478900165,54.08,12:12:12:12:12:12,PARAS,11/02/2024,9:31:00,PASS,PASS,PASS,PASS,PASS,PASS,PASS,PASS,PASS,PASS,PASS,PASS,PASS,PASS,PASS,54,55.2,44.0/48.0,46.0/50.0,44.0/44.5,90/100,300/290,5/NA,600/10,75/24/2,PASS
1200,RELIANCE,HE518791,D82310478900166,54.08,12:12:12:12:12:12,PARAS,12/02/2024,10:31:00,PASS,PASS,PASS,PASS,PASS,PASS,PASS,PASS,PASS,PASS,PASS,PASS,PASS,PASS,PASS,54,55.2,44.0/48.0,46.0/50.0,44.0/44.5,90/100,300/290,5/NA,600/10,75/24/2,PASS
1201,RELIANCE,HE518792,D82310478900167,54.08,12:12:12:12:12:12,PARAS,13/02/2024,11:31:00,PASS,PASS,PASS,PASS,PASS,PASS,PASS,PASS,PASS,PASS,PASS,PASS,PASS,PASS,PASS,54,55.2,44.0/48.0,46.0/50.0,44.0/44.5,90/100,300/290,5/NA,600/10,75/24/2,PASS
1202,RELIANCE,HE518793,D82310478900168,54.08,12:12:12:12:12:12,PARAS,14/02/2024,12:31:00,PASS,PASS,PASS,PASS,PASS,PASS,PASS,PASS,PASS,PASS,PASS,PASS,PASS,PASS,PASS,54,55.2,44.0/48.0,46.0/50.0,44.0/44.5,90/100,300/290,5/NA,600/10,75/24/2,PASS
1203,RELIANCE,HE518794,D82310478900169,54.08,12:12:12:12:12:12,PARAS,15/02/2024,13:31:00,PASS,PASS,PASS,PASS,PASS,PASS,PASS,PASS,PASS,PASS,PASS,PASS,PASS,PASS,PASS,54,55.2,44.0/48.0,46.0/50.0,44.0/44.5,90/100,300/290,5/NA,600/10,75/24/2,FAIL
1204,RELIANCE,HE518795,D82310478900170,54.08,12:12:12:12:12:12,PARAS,16/02/2024,14:31:00,PASS,PASS,PASS,PASS,PASS,PASS,PASS,PASS,PASS,PASS,PASS,PASS,PASS,PASS,PASS,54,55.2,44.0/48.0,46.0/50.0,44.0/44.5,90/100,300/290,5/NA,600/10,75/24/2,FAIL
1205,RELIANCE,HE518796,D82310478900171,54.08,12:12:12:12:12:12,PARAS,17/02/2024,15:31:00,PASS,PASS,PASS,PASS,PASS,PASS,PASS,PASS,PASS,PASS,PASS,PASS,PASS,PASS,PASS,54,55.2,44.0/48.0,46.0/50.0,44.0/44.5,90/100,300/290,5/NA,600/10,75/24/2,FAIL
1206,RELIANCE,HE518797,D82310478900172,54.08,12:12:12:12:12:12,PARAS,18/02/2024,16:31:00,PASS,PASS,PASS,PASS,PASS,PASS,PASS,PASS,PASS,PASS,PASS,PASS,PASS,PASS,PASS,54,55.2,44.0/48.0,46.0/50.0,44.0/44.5,90/100,300/290,5/NA,600/10,75/24/2,PASS
1207,RELIANCE,HE518798,D82310478900173,54.08,12:12:12:12:12:12,PARAS,19/02/2024,17:31:00,PASS,PASS,PASS,PASS,PASS,PASS,PASS,PASS,PASS,PASS,PASS,PASS,PASS,PASS,PASS,54,55.2,44.0/48.0,46.0/50.0,44.0/44.5,90/100,300/290,5/NA,600/10,75/24/2,PASS
1208,RELIANCE,HE518799,D82310478900174,54.08,12:12:12:12:12:12,PARAS,20/02/2024,18:31:00,PASS,PASS,PASS,PASS,PASS,PASS,PASS,PASS,PASS,PASS,PASS,PASS,PASS,PASS,PASS,54,55.2,44.0/48.0,46.0/50.0,44.0/44.5,90/100,300/290,5/NA,600/10,75/24/2,PASS
1209,RELIANCE,HE518800,D82310478900175,54.08,12:12:12:12:12:12,PARAS,21/02/2024,19:31:00,PASS,PASS,PASS,PASS,PASS,PASS,PASS,PASS,PASS,PASS,PASS,PASS,PASS,PASS,PASS,54,55.2,44.0/48.0,46.0/50.0,44.0/44.5,90/100,300/290,5/NA,600/10,75/24/2,PASS
1210,RELIANCE,HE518801,D82310478900176,54.08,12:12:12:12:12:12,PARAS,22/02/2024,20:31:00,PASS,PASS,PASS,PASS,PASS,PASS,PASS,PASS,PASS,PASS,PASS,PASS,PASS,PASS,PASS,54,55.2,44.0/48.0,46.0/50.0,44.0/44.5,90/100,300/290,5/NA,600/10,75/24/2,PASS
1211,RELIANCE,HE518802,D82310478900177,54.08,12:12:12:12:12:12,PARAS,23/02/2024,21:31:00,PASS,PASS,PASS,PASS,PASS,PASS,PASS,PASS,PASS,PASS,PASS,PASS,PASS,PASS,PASS,54,55.2,44.0/48.0,46.0/50.0,44.0/44.5,90/100,300/290,5/NA,600/10,75/24/2,PASS
1212,RELIANCE,HE518803,D82310478900178,54.08,12:12:12:12:12:12,PARAS,24/02/2024,22:31:00,PASS,PASS,PASS,PASS,PASS,PASS,PASS,PASS,PASS,PASS,PASS,PASS,PASS,PASS,PASS,54,55.2,44.0/48.0,46.0/50.0,44.0/44.5,90/100,300/290,5/NA,600/10,75/24/2,FAIL
1213,RELIANCE,HE518804,D82310478900179,54.08,12:12:12:12:12:12,PARAS,25/02/2024,23:31:00,PASS,PASS,PASS,PASS,PASS,PASS,PASS,PASS,PASS,PASS,PASS,PASS,PASS,PASS,PASS,54,55.2,44.0/48.0,46.0/50.0,44.0/44.5,90/100,300/290,5/NA,600/10,75/24/2,FAIL
1214,RELIANCE,HE518805,D82310478900180,54.08,12:12:12:12:12:12,PARAS,26/02/2024,0:31:00,PASS,PASS,PASS,PASS,PASS,PASS,PASS,PASS,PASS,PASS,PASS,PASS,PASS,PASS,PASS,54,55.2,44.0/48.0,46.0/50.0,44.0/44.5,90/100,300/290,5/NA,600/10,75/24/2,FAIL
1215,RELIANCE,HE518806,D82310478900181,54.08,12:12:12:12:12:12,PARAS,27/02/2024,1:31:00,PASS,PASS,PASS,PASS,PASS,PASS,PASS,PASS,PASS,PASS,PASS,PASS,PASS,PASS,PASS,54,55.2,44.0/48.0,46.0/50.0,44.0/44.5,90/100,300/290,5/NA,600/10,75/24/2,PASS
1216,RELIANCE,HE518807,D82310478900182,54.08,12:12:12:12:12:12,PARAS,28/02/2024,2:31:00,PASS,PASS,PASS,PASS,PASS,PASS,PASS,PASS,PASS,PASS,PASS,PASS,PASS,PASS,PASS,54,55.2,44.0/48.0,46.0/50.0,44.0/44.5,90/100,300/290,5/NA,600/10,75/24/2,PASS
1217,RELIANCE,HE518808,D82310478900183,54.08,12:12:12:12:12:12,PARAS,29/02/2024,3:31:00,PASS,PASS,PASS,PASS,PASS,PASS,PASS,PASS,PASS,PASS,PASS,PASS,PASS,PASS,PASS,54,55.2,44.0/48.0,46.0/50.0,44.0/44.5,90/100,300/290,5/NA,600/10,75/24/2,PASS
1218,RELIANCE,HE518809,D82310478900184,54.08,12:12:12:12:12:12,PARAS,01/03/2024,4:31:00,PASS,PASS,PASS,PASS,PASS,PASS,PASS,PASS,PASS,PASS,PASS,PASS,PASS,PASS,PASS,54,55.2,44.0/48.0,46.0/50.0,44.0/44.5,90/100,300/290,5/NA,600/10,75/24/2,PASS
1219,RELIANCE,HE518810,D82310478900185,54.08,12:12:12:12:12:12,PARAS,02/03/2024,5:31:00,PASS,PASS,PASS,PASS,PASS,PASS,PASS,PASS,PASS,PASS,PASS,PASS,PASS,PASS,PASS,54,55.2,44.0/48.0,46.0/50.0,44.0/44.5,90/100,300/290,5/NA,600/10,75/24/2,PASS
1220,RELIANCE,HE518811,D82310478900186,54.08,12:12:12:12:12:12,PARAS,03/03/2024,6:31:00,PASS,PASS,PASS,PASS,PASS,PASS,PASS,PASS,PASS,PASS,PASS,PASS,PASS,PASS,PASS,54,55.2,44.0/48.0,46.0/50.0,44.0/44.5,90/100,300/290,5/NA,600/10,75/24/2,PASS
1221,RELIANCE,HE518812,D82310478900187,54.08,12:12:12:12:12:12,PARAS,04/03/2024,7:31:00,PASS,PASS,PASS,PASS,PASS,PASS,PASS,PASS,PASS,PASS,PASS,PASS,PASS,PASS,PASS,54,55.2,44.0/48.0,46.0/50.0,44.0/44.5,90/100,300/290,5/NA,600/10,75/24/2,FAIL
1222,RELIANCE,HE518813,D82310478900188,54.08,12:12:12:12:12:12,PARAS,05/03/2024,8:31:00,PASS,PASS,PASS,PASS,PASS,PASS,PASS,PASS,PASS,PASS,PASS,PASS,PASS,PASS,PASS,54,55.2,44.0/48.0,46.0/50.0,44.0/44.5,90/100,300/290,5/NA,600/10,75/24/2,FAIL
1223,RELIANCE,HE518814,D82310478900189,54.08,12:12:12:12:12:12,PARAS,06/03/2024,9:31:00,PASS,PASS,PASS,PASS,PASS,PASS,PASS,PASS,PASS,PASS,PASS,PASS,PASS,PASS,PASS,54,55.2,44.0/48.0,46.0/50.0,44.0/44.5,90/100,300/290,5/NA,600/10,75/24/2,FAIL
1224,RELIANCE,HE518815,D82310478900190,54.08,12:12:12:12:12:12,PARAS,07/03/2024,10:31:00,PASS,PASS,PASS,PASS,PASS,PASS,PASS,PASS,PASS,PASS,PASS,PASS,PASS,PASS,PASS,54,55.2,44.0/48.0,46.0/50.0,44.0/44.5,90/100,300/290,5/NA,600/10,75/24/2,PASS
1225,RELIANCE,HE518816,D82310478900191,54.08,12:12:12:12:12:12,PARAS,08/03/2024,11:31:00,PASS,PASS,PASS,PASS,PASS,PASS,PASS,PASS,PASS,PASS,PASS,PASS,PASS,PASS,PASS,54,55.2,44.0/48.0,46.0/50.0,44.0/44.5,90/100,300/290,5/NA,600/10,75/24/2,PASS
1226,RELIANCE,HE518817,D82310478900192,54.08,12:12:12:12:12:12,PARAS,09/03/2024,12:31:00,PASS,PASS,PASS,PASS,PASS,PASS,PASS,PASS,PASS,PASS,PASS,PASS,PASS,PASS,PASS,54,55.2,44.0/48.0,46.0/50.0,44.0/44.5,90/100,300/290,5/NA,600/10,75/24/2,PASS
1227,RELIANCE,HE518818,D82310478900193,54.08,12:12:12:12:12:12,PARAS,10/03/2024,13:31:00,PASS,PASS,PASS,PASS,PASS,PASS,PASS,PASS,PASS,PASS,PASS,PASS,PASS,PASS,PASS,54,55.2,44.0/48.0,46.0/50.0,44.0/44.5,90/100,300/290,5/NA,600/10,75/24/2,PASS
1228,RELIANCE,HE518819,D82310478900194,54.08,12:12:12:12:12:12,PARAS,11/03/2024,14:31:00,PASS,PASS,PASS,PASS,PASS,PASS,PASS,PASS,PASS,PASS,PASS,PASS,PASS,PASS,PASS,54,55.2,44.0/48.0,46.0/50.0,44.0/44.5,90/100,300/290,5/NA,600/10,75/24/2,PASS
1229,RELIANCE,HE518820,D82310478900195,54.08,12:12:12:12:12:12,PARAS,12/03/2024,15:31:00,PASS,PASS,PASS,PASS,PASS,PASS,PASS,PASS,PASS,PASS,PASS,PASS,PASS,PASS,PASS,54,55.2,44.0/48.0,46.0/50.0,44.0/44.5,90/100,300/290,5/NA,600/10,75/24/2,PASS
1230,RELIANCE,HE518821,D82310478900196,54.08,12:12:12:12:12:12,PARAS,13/03/2024,16:31:00,PASS,PASS,PASS,PASS,PASS,PASS,PASS,PASS,PASS,PASS,PASS,PASS,PASS,PASS,PASS,54,55.2,44.0/48.0,46.0/50.0,44.0/44.5,90/100,300/290,5/NA,600/10,75/24/2,FAIL
1231,RELIANCE,HE518822,D82310478900197,54.08,12:12:12:12:12:12,PARAS,14/03/2024,17:31:00,PASS,PASS,PASS,PASS,PASS,PASS,PASS,PASS,PASS,PASS,PASS,PASS,PASS,PASS,PASS,54,55.2,44.0/48.0,46.0/50.0,44.0/44.5,90/100,300/290,5/NA,600/10,75/24/2,FAIL
1232,RELIANCE,HE518823,D82310478900198,54.08,12:12:12:12:12:12,PARAS,15/03/2024,18:31:00,PASS,PASS,PASS,PASS,PASS,PASS,PASS,PASS,PASS,PASS,PASS,PASS,PASS,PASS,PASS,54,55.2,44.0/48.0,46.0/50.0,44.0/44.5,90/100,300/290,5/NA,600/10,75/24/2,FAIL
1233,RELIANCE,HE518824,D82310478900199,54.08,12:12:12:12:12:12,PARAS,16/03/2024,19:31:00,PASS,PASS,PASS,PASS,PASS,PASS,PASS,PASS,PASS,PASS,PASS,PASS,PASS,PASS,PASS,54,55.2,44.0/48.0,46.0/50.0,44.0/44.5,90/100,300/290,5/NA,600/10,75/24/2,PASS
1234,RELIANCE,HE518825,D82310478900200,54.08,12:12:12:12:12:12,PARAS,17/03/2024,20:31:00,PASS,PASS,PASS,PASS,PASS,PASS,PASS,PASS,PASS,PASS,PASS,PASS,PASS,PASS,PASS,54,55.2,44.0/48.0,46.0/50.0,44.0/44.5,90/100,300/290,5/NA,600/10,75/24/2,PASS
1235,RELIANCE,HE518826,D82310478900201,54.08,12:12:12:12:12:12,PARAS,18/03/2024,21:31:00,PASS,PASS,PASS,PASS,PASS,PASS,PASS,PASS,PASS,PASS,PASS,PASS,PASS,PASS,PASS,54,55.2,44.0/48.0,46.0/50.0,44.0/44.5,90/100,300/290,5/NA,600/10,75/24/2,PASS
1236,RELIANCE,HE518827,D82310478900202,54.08,12:12:12:12:12:12,PARAS,19/03/2024,22:31:00,PASS,PASS,PASS,PASS,PASS,PASS,PASS,PASS,PASS,PASS,PASS,PASS,PASS,PASS,PASS,54,55.2,44.0/48.0,46.0/50.0,44.0/44.5,90/100,300/290,5/NA,600/10,75/24/2,PASS
1237,RELIANCE,HE518828,D82310478900203,54.08,12:12:12:12:12:12,PARAS,20/03/2024,23:31:00,PASS,PASS,PASS,PASS,PASS,PASS,PASS,PASS,PASS,PASS,PASS,PASS,PASS,PASS,PASS,54,55.2,44.0/48.0,46.0/50.0,44.0/44.5,90/100,300/290,5/NA,600/10,75/24/2,PASS
1238,RELIANCE,HE518829,D82310478900204,54.08,12:12:12:12:12:12,PARAS,21/03/2024,0:31:00,PASS,PASS,PASS,PASS,PASS,PASS,PASS,PASS,PASS,PASS,PASS,PASS,PASS,PASS,PASS,54,55.2,44.0/48.0,46.0/50.0,44.0/44.5,90/100,300/290,5/NA,600/10,75/24/2,PASS
1239,RELIANCE,HE518830,D82310478900205,54.08,12:12:12:12:12:12,PARAS,22/03/2024,1:31:00,PASS,PASS,PASS,PASS,PASS,PASS,PASS,PASS,PASS,PASS,PASS,PASS,PASS,PASS,PASS,54,55.2,44.0/48.0,46.0/50.0,44.0/44.5,90/100,300/290,5/NA,600/10,75/24/2,FAIL
1240,RELIANCE,HE518831,D82310478900206,54.08,12:12:12:12:12:12,PARAS,23/03/2024,2:31:00,PASS,PASS,PASS,PASS,PASS,PASS,PASS,PASS,PASS,PASS,PASS,PASS,PASS,PASS,PASS,54,55.2,44.0/48.0,46.0/50.0,44.0/44.5,90/100,300/290,5/NA,600/10,75/24/2,FAIL
1241,RELIANCE,HE518832,D82310478900207,54.08,12:12:12:12:12:12,PARAS,24/03/2024,3:31:00,PASS,PASS,PASS,PASS,PASS,PASS,PASS,PASS,PASS,PASS,PASS,PASS,PASS,PASS,PASS,54,55.2,44.0/48.0,46.0/50.0,44.0/44.5,90/100,300/290,5/NA,600/10,75/24/2,FAIL
1242,RELIANCE,HE518833,D82310478900208,54.08,12:12:12:12:12:12,PARAS,25/03/2024,4:31:00,PASS,PASS,PASS,PASS,PASS,PASS,PASS,PASS,PASS,PASS,PASS,PASS,PASS,PASS,PASS,54,55.2,44.0/48.0,46.0/50.0,44.0/44.5,90/100,300/290,5/NA,600/10,75/24/2,PASS
1243,RELIANCE,HE518834,D82310478900209,54.08,12:12:12:12:12:12,PARAS,26/03/2024,5:31:00,PASS,PASS,PASS,PASS,PASS,PASS,PASS,PASS,PASS,PASS,PASS,PASS,PASS,PASS,PASS,54,55.2,44.0/48.0,46.0/50.0,44.0/44.5,90/100,300/290,5/NA,600/10,75/24/2,PASS
1244,RELIANCE,HE518835,D82310478900210,54.08,12:12:12:12:12:12,PARAS,27/03/2024,6:31:00,PASS,PASS,PASS,PASS,PASS,PASS,PASS,PASS,PASS,PASS,PASS,PASS,PASS,PASS,PASS,54,55.2,44.0/48.0,46.0/50.0,44.0/44.5,90/100,300/290,5/NA,600/10,75/24/2,PASS
1245,RELIANCE,HE518836,D82310478900211,54.08,12:12:12:12:12:12,PARAS,28/03/2024,7:31:00,PASS,PASS,PASS,PASS,PASS,PASS,PASS,PASS,PASS,PASS,PASS,PASS,PASS,PASS,PASS,54,55.2,44.0/48.0,46.0/50.0,44.0/44.5,90/100,300/290,5/NA,600/10,75/24/2,PASS
1246,RELIANCE,HE518837,D82310478900212,54.08,12:12:12:12:12:12,PARAS,29/03/2024,8:31:00,PASS,PASS,PASS,PASS,PASS,PASS,PASS,PASS,PASS,PASS,PASS,PASS,PASS,PASS,PASS,54,55.2,44.0/48.0,46.0/50.0,44.0/44.5,90/100,300/290,5/NA,600/10,75/24/2,PASS
1247,RELIANCE,HE518838,D82310478900213,54.08,12:12:12:12:12:12,PARAS,30/03/2024,9:31:00,PASS,PASS,PASS,PASS,PASS,PASS,PASS,PASS,PASS,PASS,PASS,PASS,PASS,PASS,PASS,54,55.2,44.0/48.0,46.0/50.0,44.0/44.5,90/100,300/290,5/NA,600/10,75/24/2,PASS
1248,RELIANCE,HE518839,D82310478900214,54.08,12:12:12:12:12:12,PARAS,31/03/2024,10:31:00,PASS,PASS,PASS,PASS,PASS,PASS,PASS,PASS,PASS,PASS,PASS,PASS,PASS,PASS,PASS,54,55.2,44.0/48.0,46.0/50.0,44.0/44.5,90/100,300/290,5/NA,600/10,75/24/2,FAIL
1249,RELIANCE,HE518840,D82310478900215,54.08,12:12:12:12:12:12,PARAS,01/04/2024,11:31:00,PASS,PASS,PASS,PASS,PASS,PASS,PASS,PASS,PASS,PASS,PASS,PASS,PASS,PASS,PASS,54,55.2,44.0/48.0,46.0/50.0,44.0/44.5,90/100,300/290,5/NA,600/10,75/24/2,FAIL
1250,RELIANCE,HE518841,D82310478900216,54.08,12:12:12:12:12:12,PARAS,02/04/2024,12:31:00,PASS,PASS,PASS,PASS,PASS,PASS,PASS,PASS,PASS,PASS,PASS,PASS,PASS,PASS,PASS,54,55.2,44.0/48.0,46.0/50.0,44.0/44.5,90/100,300/290,5/NA,600/10,75/24/2,FAIL
1251,RELIANCE,HE518842,D82310478900217,54.08,12:12:12:12:12:12,PARAS,03/04/2024,13:31:00,PASS,PASS,PASS,PASS,PASS,PASS,PASS,PASS,PASS,PASS,PASS,PASS,PASS,PASS,PASS,54,55.2,44.0/48.0,46.0/50.0,44.0/44.5,90/100,300/290,5/NA,600/10,75/24/2,PASS
1252,RELIANCE,HE518843,D82310478900218,54.08,12:12:12:12:12:12,PARAS,04/04/2024,14:31:00,PASS,PASS,PASS,PASS,PASS,PASS,PASS,PASS,PASS,PASS,PASS,PASS,PASS,PASS,PASS,54,55.2,44.0/48.0,46.0/50.0,44.0/44.5,90/100,300/290,5/NA,600/10,75/24/2,PASS
1253,RELIANCE,HE518844,D82310478900219,54.08,12:12:12:12:12:12,PARAS,05/04/2024,15:31:00,PASS,PASS,PASS,PASS,PASS,PASS,PASS,PASS,PASS,PASS,PASS,PASS,PASS,PASS,PASS,54,55.2,44.0/48.0,46.0/50.0,44.0/44.5,90/100,300/290,5/NA,600/10,75/24/2,PASS
1254,RELIANCE,HE518845,D82310478900220,54.08,12:12:12:12:12:12,PARAS,06/04/2024,16:31:00,PASS,PASS,PASS,PASS,PASS,PASS,PASS,PASS,PASS,PASS,PASS,PASS,PASS,PASS,PASS,54,55.2,44.0/48.0,46.0/50.0,44.0/44.5,90/100,300/290,5/NA,600/10,75/24/2,PASS
1255,RELIANCE,HE518846,D82310478900221,54.08,12:12:12:12:12:12,PARAS,07/04/2024,17:31:00,PASS,PASS,PASS,PASS,PASS,PASS,PASS,PASS,PASS,PASS,PASS,PASS,PASS,PASS,PASS,54,55.2,44.0/48.0,46.0/50.0,44.0/44.5,90/100,300/290,5/NA,600/10,75/24/2,PASS
1256,RELIANCE,HE518847,D82310478900222,54.08,12:12:12:12:12:12,PARAS,08/04/2024,18:31:00,PASS,PASS,PASS,PASS,PASS,PASS,PASS,PASS,PASS,PASS,PASS,PASS,PASS,PASS,PASS,54,55.2,44.0/48.0,46.0/50.0,44.0/44.5,90/100,300/290,5/NA,600/10,75/24/2,PASS
1257,RELIANCE,HE518848,D82310478900223,54.08,12:12:12:12:12:12,PARAS,09/04/2024,19:31:00,PASS,PASS,PASS,PASS,PASS,PASS,PASS,PASS,PASS,PASS,PASS,PASS,PASS,PASS,PASS,54,55.2,44.0/48.0,46.0/50.0,44.0/44.5,90/100,300/290,5/NA,600/10,75/24/2,FAIL
1258,RELIANCE,HE518849,D82310478900224,54.08,12:12:12:12:12:12,PARAS,10/04/2024,20:31:00,PASS,PASS,PASS,PASS,PASS,PASS,PASS,PASS,PASS,PASS,PASS,PASS,PASS,PASS,PASS,54,55.2,44.0/48.0,46.0/50.0,44.0/44.5,90/100,300/290,5/NA,600/10,75/24/2,FAIL
1259,RELIANCE,HE518850,D82310478900225,54.08,12:12:12:12:12:12,PARAS,11/04/2024,21:31:00,PASS,PASS,PASS,PASS,PASS,PASS,PASS,PASS,PASS,PASS,PASS,PASS,PASS,PASS,PASS,54,55.2,44.0/48.0,46.0/50.0,44.0/44.5,90/100,300/290,5/NA,600/10,75/24/2,FAIL
1260,RELIANCE,HE518851,D82310478900226,54.08,12:12:12:12:12:12,PARAS,12/04/2024,22:31:00,PASS,PASS,PASS,PASS,PASS,PASS,PASS,PASS,PASS,PASS,PASS,PASS,PASS,PASS,PASS,54,55.2,44.0/48.0,46.0/50.0,44.0/44.5,90/100,300/290,5/NA,600/10,75/24/2,PASS
1261,RELIANCE,HE518852,D82310478900227,54.08,12:12:12:12:12:12,PARAS,13/04/2024,23:31:00,PASS,PASS,PASS,PASS,PASS,PASS,PASS,PASS,PASS,PASS,PASS,PASS,PASS,PASS,PASS,54,55.2,44.0/48.0,46.0/50.0,44.0/44.5,90/100,300/290,5/NA,600/10,75/24/2,PASS
1262,RELIANCE,HE518853,D82310478900228,54.08,12:12:12:12:12:12,PARAS,14/04/2024,0:31:00,PASS,PASS,PASS,PASS,PASS,PASS,PASS,PASS,PASS,PASS,PASS,PASS,PASS,PASS,PASS,54,55.2,44.0/48.0,46.0/50.0,44.0/44.5,90/100,300/290,5/NA,600/10,75/24/2,PASS
1263,RELIANCE,HE518854,D82310478900229,54.08,12:12:12:12:12:12,PARAS,15/04/2024,1:31:00,PASS,PASS,PASS,PASS,PASS,PASS,PASS,PASS,PASS,PASS,PASS,PASS,PASS,PASS,PASS,54,55.2,44.0/48.0,46.0/50.0,44.0/44.5,90/100,300/290,5/NA,600/10,75/24/2,PASS
1264,RELIANCE,HE518855,D82310478900230,54.08,12:12:12:12:12:12,PARAS,16/04/2024,2:31:00,PASS,PASS,PASS,PASS,PASS,PASS,PASS,PASS,PASS,PASS,PASS,PASS,PASS,PASS,PASS,54,55.2,44.0/48.0,46.0/50.0,44.0/44.5,90/100,300/290,5/NA,600/10,75/24/2,PASS
1265,RELIANCE,HE518856,D82310478900231,54.08,12:12:12:12:12:12,PARAS,17/04/2024,3:31:00,PASS,PASS,PASS,PASS,PASS,PASS,PASS,PASS,PASS,PASS,PASS,PASS,PASS,PASS,PASS,54,55.2,44.0/48.0,46.0/50.0,44.0/44.5,90/100,300/290,5/NA,600/10,75/24/2,PASS
1266,RELIANCE,HE518857,D82310478900232,54.08,12:12:12:12:12:12,PARAS,18/04/2024,4:31:00,PASS,PASS,PASS,PASS,PASS,PASS,PASS,PASS,PASS,PASS,PASS,PASS,PASS,PASS,PASS,54,55.2,44.0/48.0,46.0/50.0,44.0/44.5,90/100,300/290,5/NA,600/10,75/24/2,FAIL
1267,RELIANCE,HE518858,D82310478900233,54.08,12:12:12:12:12:12,PARAS,19/04/2024,5:31:00,PASS,PASS,PASS,PASS,PASS,PASS,PASS,PASS,PASS,PASS,PASS,PASS,PASS,PASS,PASS,54,55.2,44.0/48.0,46.0/50.0,44.0/44.5,90/100,300/290,5/NA,600/10,75/24/2,FAIL
1268,RELIANCE,HE518859,D82310478900234,54.08,12:12:12:12:12:12,PARAS,20/04/2024,6:31:00,PASS,PASS,PASS,PASS,PASS,PASS,PASS,PASS,PASS,PASS,PASS,PASS,PASS,PASS,PASS,54,55.2,44.0/48.0,46.0/50.0,44.0/44.5,90/100,300/290,5/NA,600/10,75/24/2,FAIL
1269,RELIANCE,HE518860,D82310478900235,54.08,12:12:12:12:12:12,PARAS,21/04/2024,7:31:00,PASS,PASS,PASS,PASS,PASS,PASS,PASS,PASS,PASS,PASS,PASS,PASS,PASS,PASS,PASS,54,55.2,44.0/48.0,46.0/50.0,44.0/44.5,90/100,300/290,5/NA,600/10,75/24/2,PASS
1270,RELIANCE,HE518861,D82310478900236,54.08,12:12:12:12:12:12,PARAS,22/04/2024,8:31:00,PASS,PASS,PASS,PASS,PASS,PASS,PASS,PASS,PASS,PASS,PASS,PASS,PASS,PASS,PASS,54,55.2,44.0/48.0,46.0/50.0,44.0/44.5,90/100,300/290,5/NA,600/10,75/24/2,PASS
1271,RELIANCE,HE518862,D82310478900237,54.08,12:12:12:12:12:12,PARAS,23/04/2024,9:31:00,PASS,PASS,PASS,PASS,PASS,PASS,PASS,PASS,PASS,PASS,PASS,PASS,PASS,PASS,PASS,54,55.2,44.0/48.0,46.0/50.0,44.0/44.5,90/100,300/290,5/NA,600/10,75/24/2,PASS
1272,RELIANCE,HE518863,D82310478900238,54.08,12:12:12:12:12:12,PARAS,24/04/2024,10:31:00,PASS,PASS,PASS,PASS,PASS,PASS,PASS,PASS,PASS,PASS,PASS,PASS,PASS,PASS,PASS,54,55.2,44.0/48.0,46.0/50.0,44.0/44.5,90/100,300/290,5/NA,600/10,75/24/2,PASS
1273,RELIANCE,HE518864,D82310478900239,54.08,12:12:12:12:12:12,PARAS,25/04/2024,11:31:00,PASS,PASS,PASS,PASS,PASS,PASS,PASS,PASS,PASS,PASS,PASS,PASS,PASS,PASS,PASS,54,55.2,44.0/48.0,46.0/50.0,44.0/44.5,90/100,300/290,5/NA,600/10,75/24/2,PASS
1274,RELIANCE,HE518865,D82310478900240,54.08,12:12:12:12:12:12,PARAS,26/04/2024,12:31:00,PASS,PASS,PASS,PASS,PASS,PASS,PASS,PASS,PASS,PASS,PASS,PASS,PASS,PASS,PASS,54,55.2,44.0/48.0,46.0/50.0,44.0/44.5,90/100,300/290,5/NA,600/10,75/24/2,PASS
1275,RELIANCE,HE518866,D82310478900241,54.08,12:12:12:12:12:12,PARAS,27/04/2024,13:31:00,PASS,PASS,PASS,PASS,PASS,PASS,PASS,PASS,PASS,PASS,PASS,PASS,PASS,PASS,PASS,54,55.2,44.0/48.0,46.0/50.0,44.0/44.5,90/100,300/290,5/NA,600/10,75/24/2,FAIL
1276,RELIANCE,HE518867,D82310478900242,54.08,12:12:12:12:12:12,PARAS,28/04/2024,14:31:00,PASS,PASS,PASS,PASS,PASS,PASS,PASS,PASS,PASS,PASS,PASS,PASS,PASS,PASS,PASS,54,55.2,44.0/48.0,46.0/50.0,44.0/44.5,90/100,300/290,5/NA,600/10,75/24/2,FAIL
1277,RELIANCE,HE518868,D82310478900243,54.08,12:12:12:12:12:12,PARAS,29/04/2024,15:31:00,PASS,PASS,PASS,PASS,PASS,PASS,PASS,PASS,PASS,PASS,PASS,PASS,PASS,PASS,PASS,54,55.2,44.0/48.0,46.0/50.0,44.0/44.5,90/100,300/290,5/NA,600/10,75/24/2,FAIL
1278,RELIANCE,HE518869,D82310478900244,54.08,12:12:12:12:12:12,PARAS,30/04/2024,16:31:00,PASS,PASS,PASS,PASS,PASS,PASS,PASS,PASS,PASS,PASS,PASS,PASS,PASS,PASS,PASS,54,55.2,44.0/48.0,46.0/50.0,44.0/44.5,90/100,300/290,5/NA,600/10,75/24/2,PASS
1279,RELIANCE,HE518870,D82310478900245,54.08,12:12:12:12:12:12,PARAS,01/05/2024,17:31:00,PASS,PASS,PASS,PASS,PASS,PASS,PASS,PASS,PASS,PASS,PASS,PASS,PASS,PASS,PASS,54,55.2,44.0/48.0,46.0/50.0,44.0/44.5,90/100,300/290,5/NA,600/10,75/24/2,PASS
1280,RELIANCE,HE518871,D82310478900246,54.08,12:12:12:12:12:12,PARAS,02/05/2024,18:31:00,PASS,PASS,PASS,PASS,PASS,PASS,PASS,PASS,PASS,PASS,PASS,PASS,PASS,PASS,PASS,54,55.2,44.0/48.0,46.0/50.0,44.0/44.5,90/100,300/290,5/NA,600/10,75/24/2,PASS
1281,RELIANCE,HE518872,D82310478900247,54.08,12:12:12:12:12:12,PARAS,03/05/2024,19:31:00,PASS,PASS,PASS,PASS,PASS,PASS,PASS,PASS,PASS,PASS,PASS,PASS,PASS,PASS,PASS,54,55.2,44.0/48.0,46.0/50.0,44.0/44.5,90/100,300/290,5/NA,600/10,75/24/2,PASS
1282,RELIANCE,HE518873,D82310478900248,54.08,12:12:12:12:12:12,PARAS,04/05/2024,20:31:00,PASS,PASS,PASS,PASS,PASS,PASS,PASS,PASS,PASS,PASS,PASS,PASS,PASS,PASS,PASS,54,55.2,44.0/48.0,46.0/50.0,44.0/44.5,90/100,300/290,5/NA,600/10,75/24/2,PASS
1283,RELIANCE,HE518874,D82310478900249,54.08,12:12:12:12:12:12,PARAS,05/05/2024,21:31:00,PASS,PASS,PASS,PASS,PASS,PASS,PASS,PASS,PASS,PASS,PASS,PASS,PASS,PASS,PASS,54,55.2,44.0/48.0,46.0/50.0,44.0/44.5,90/100,300/290,5/NA,600/10,75/24/2,PASS
1284,RELIANCE,HE518875,D82310478900250,54.08,12:12:12:12:12:12,PARAS,06/05/2024,22:31:00,PASS,PASS,PASS,PASS,PASS,PASS,PASS,PASS,PASS,PASS,PASS,PASS,PASS,PASS,PASS,54,55.2,44.0/48.0,46.0/50.0,44.0/44.5,90/100,300/290,5/NA,600/10,75/24/2,FAIL
1285,RELIANCE,HE518876,D82310478900251,54.08,12:12:12:12:12:12,PARAS,07/05/2024,23:31:00,PASS,PASS,PASS,PASS,PASS,PASS,PASS,PASS,PASS,PASS,PASS,PASS,PASS,PASS,PASS,54,55.2,44.0/48.0,46.0/50.0,44.0/44.5,90/100,300/290,5/NA,600/10,75/24/2,FAIL
1286,RELIANCE,HE518877,D82310478900252,54.08,12:12:12:12:12:12,PARAS,08/05/2024,0:31:00,PASS,PASS,PASS,PASS,PASS,PASS,PASS,PASS,PASS,PASS,PASS,PASS,PASS,PASS,PASS,54,55.2,44.0/48.0,46.0/50.0,44.0/44.5,90/100,300/290,5/NA,600/10,75/24/2,FAIL
1287,RELIANCE,HE518878,D82310478900253,54.08,12:12:12:12:12:12,PARAS,09/05/2024,1:31:00,PASS,PASS,PASS,PASS,PASS,PASS,PASS,PASS,PASS,PASS,PASS,PASS,PASS,PASS,PASS,54,55.2,44.0/48.0,46.0/50.0,44.0/44.5,90/100,300/290,5/NA,600/10,75/24/2,PASS
1288,RELIANCE,HE518879,D82310478900254,54.08,12:12:12:12:12:12,PARAS,10/05/2024,2:31:00,PASS,PASS,PASS,PASS,PASS,PASS,PASS,PASS,PASS,PASS,PASS,PASS,PASS,PASS,PASS,54,55.2,44.0/48.0,46.0/50.0,44.0/44.5,90/100,300/290,5/NA,600/10,75/24/2,PASS
1289,RELIANCE,HE518880,D82310478900255,54.08,12:12:12:12:12:12,PARAS,11/05/2024,3:31:00,PASS,PASS,PASS,PASS,PASS,PASS,PASS,PASS,PASS,PASS,PASS,PASS,PASS,PASS,PASS,54,55.2,44.0/48.0,46.0/50.0,44.0/44.5,90/100,300/290,5/NA,600/10,75/24/2,PASS
1290,RELIANCE,HE518881,D82310478900256,54.08,12:12:12:12:12:12,PARAS,12/05/2024,4:31:00,PASS,PASS,PASS,PASS,PASS,PASS,PASS,PASS,PASS,PASS,PASS,PASS,PASS,PASS,PASS,54,55.2,44.0/48.0,46.0/50.0,44.0/44.5,90/100,300/290,5/NA,600/10,75/24/2,PASS
1291,RELIANCE,HE518882,D82310478900257,54.08,12:12:12:12:12:12,PARAS,13/05/2024,5:31:00,PASS,PASS,PASS,PASS,PASS,PASS,PASS,PASS,PASS,PASS,PASS,PASS,PASS,PASS,PASS,54,55.2,44.0/48.0,46.0/50.0,44.0/44.5,90/100,300/290,5/NA,600/10,75/24/2,PASS
1292,RELIANCE,HE518883,D82310478900258,54.08,12:12:12:12:12:12,PARAS,14/05/2024,6:31:00,PASS,PASS,PASS,PASS,PASS,PASS,PASS,PASS,PASS,PASS,PASS,PASS,PASS,PASS,PASS,54,55.2,44.0/48.0,46.0/50.0,44.0/44.5,90/100,300/290,5/NA,600/10,75/24/2,PASS
1293,RELIANCE,HE518884,D82310478900259,54.08,12:12:12:12:12:12,PARAS,15/05/2024,7:31:00,PASS,PASS,PASS,PASS,PASS,PASS,PASS,PASS,PASS,PASS,PASS,PASS,PASS,PASS,PASS,54,55.2,44.0/48.0,46.0/50.0,44.0/44.5,90/100,300/290,5/NA,600/10,75/24/2,FAIL
1294,RELIANCE,HE518885,D82310478900260,54.08,12:12:12:12:12:12,PARAS,16/05/2024,8:31:00,PASS,PASS,PASS,PASS,PASS,PASS,PASS,PASS,PASS,PASS,PASS,PASS,PASS,PASS,PASS,54,55.2,44.0/48.0,46.0/50.0,44.0/44.5,90/100,300/290,5/NA,600/10,75/24/2,FAIL
1295,RELIANCE,HE518886,D82310478900261,54.08,12:12:12:12:12:12,PARAS,17/05/2024,9:31:00,PASS,PASS,PASS,PASS,PASS,PASS,PASS,PASS,PASS,PASS,PASS,PASS,PASS,PASS,PASS,54,55.2,44.0/48.0,46.0/50.0,44.0/44.5,90/100,300/290,5/NA,600/10,75/24/2,FAIL
1296,RELIANCE,HE518887,D82310478900262,54.08,12:12:12:12:12:12,PARAS,18/05/2024,10:31:00,PASS,PASS,PASS,PASS,PASS,PASS,PASS,PASS,PASS,PASS,PASS,PASS,PASS,PASS,PASS,54,55.2,44.0/48.0,46.0/50.0,44.0/44.5,90/100,300/290,5/NA,600/10,75/24/2,PASS
1297,RELIANCE,HE518888,D82310478900263,54.08,12:12:12:12:12:12,PARAS,19/05/2024,11:31:00,PASS,PASS,PASS,PASS,PASS,PASS,PASS,PASS,PASS,PASS,PASS,PASS,PASS,PASS,PASS,54,55.2,44.0/48.0,46.0/50.0,44.0/44.5,90/100,300/290,5/NA,600/10,75/24/2,PASS
1298,RELIANCE,HE518889,D82310478900264,54.08,12:12:12:12:12:12,PARAS,20/05/2024,12:31:00,PASS,PASS,PASS,PASS,PASS,PASS,PASS,PASS,PASS,PASS,PASS,PASS,PASS,PASS,PASS,54,55.2,44.0/48.0,46.0/50.0,44.0/44.5,90/100,300/290,5/NA,600/10,75/24/2,PASS
1299,RELIANCE,HE518890,D82310478900265,54.08,12:12:12:12:12:12,PARAS,21/05/2024,13:31:00,PASS,PASS,PASS,PASS,PASS,PASS,PASS,PASS,PASS,PASS,PASS,PASS,PASS,PASS,PASS,54,55.2,44.0/48.0,46.0/50.0,44.0/44.5,90/100,300/290,5/NA,600/10,75/24/2,PASS
1300,RELIANCE,HE518891,D82310478900266,54.08,12:12:12:12:12:12,PARAS,22/05/2024,14:31:00,PASS,PASS,PASS,PASS,PASS,PASS,PASS,PASS,PASS,PASS,PASS,PASS,PASS,PASS,PASS,54,55.2,44.0/48.0,46.0/50.0,44.0/44.5,90/100,300/290,5/NA,600/10,75/24/2,PASS
1301,RELIANCE,HE518892,D82310478900267,54.08,12:12:12:12:12:12,PARAS,23/05/2024,15:31:00,PASS,PASS,PASS,PASS,PASS,PASS,PASS,PASS,PASS,PASS,PASS,PASS,PASS,PASS,PASS,54,55.2,44.0/48.0,46.0/50.0,44.0/44.5,90/100,300/290,5/NA,600/10,75/24/2,PASS
1302,RELIANCE,HE518893,D82310478900268,54.08,12:12:12:12:12:12,PARAS,24/05/2024,16:31:00,PASS,PASS,PASS,PASS,PASS,PASS,PASS,PASS,PASS,PASS,PASS,PASS,PASS,PASS,PASS,54,55.2,44.0/48.0,46.0/50.0,44.0/44.5,90/100,300/290,5/NA,600/10,75/24/2,FAIL
1303,RELIANCE,HE518894,D82310478900269,54.08,12:12:12:12:12:12,PARAS,25/05/2024,17:31:00,PASS,PASS,PASS,PASS,PASS,PASS,PASS,PASS,PASS,PASS,PASS,PASS,PASS,PASS,PASS,54,55.2,44.0/48.0,46.0/50.0,44.0/44.5,90/100,300/290,5/NA,600/10,75/24/2,FAIL
1304,RELIANCE,HE518895,D82310478900270,54.08,12:12:12:12:12:12,PARAS,26/05/2024,18:31:00,PASS,PASS,PASS,PASS,PASS,PASS,PASS,PASS,PASS,PASS,PASS,PASS,PASS,PASS,PASS,54,55.2,44.0/48.0,46.0/50.0,44.0/44.5,90/100,300/290,5/NA,600/10,75/24/2,FAIL
1305,RELIANCE,HE518896,D82310478900271,54.08,12:12:12:12:12:12,PARAS,27/05/2024,19:31:00,PASS,PASS,PASS,PASS,PASS,PASS,PASS,PASS,PASS,PASS,PASS,PASS,PASS,PASS,PASS,54,55.2,44.0/48.0,46.0/50.0,44.0/44.5,90/100,300/290,5/NA,600/10,75/24/2,PASS
1306,RELIANCE,HE518897,D82310478900272,54.08,12:12:12:12:12:12,PARAS,28/05/2024,20:31:00,PASS,PASS,PASS,PASS,PASS,PASS,PASS,PASS,PASS,PASS,PASS,PASS,PASS,PASS,PASS,54,55.2,44.0/48.0,46.0/50.0,44.0/44.5,90/100,300/290,5/NA,600/10,75/24/2,PASS
1307,RELIANCE,HE518898,D82310478900273,54.08,12:12:12:12:12:12,PARAS,29/05/2024,21:31:00,PASS,PASS,PASS,PASS,PASS,PASS,PASS,PASS,PASS,PASS,PASS,PASS,PASS,PASS,PASS,54,55.2,44.0/48.0,46.0/50.0,44.0/44.5,90/100,300/290,5/NA,600/10,75/24/2,PASS
1308,RELIANCE,HE518899,D82310478900274,54.08,12:12:12:12:12:12,PARAS,30/05/2024,22:31:00,PASS,PASS,PASS,PASS,PASS,PASS,PASS,PASS,PASS,PASS,PASS,PASS,PASS,PASS,PASS,54,55.2,44.0/48.0,46.0/50.0,44.0/44.5,90/100,300/290,5/NA,600/10,75/24/2,PASS
1309,RELIANCE,HE518900,D82310478900275,54.08,12:12:12:12:12:12,PARAS,31/05/2024,23:31:00,PASS,PASS,PASS,PASS,PASS,PASS,PASS,PASS,PASS,PASS,PASS,PASS,PASS,PASS,PASS,54,55.2,44.0/48.0,46.0/50.0,44.0/44.5,90/100,300/290,5/NA,600/10,75/24/2,PASS
1310,RELIANCE,HE518901,D82310478900276,54.08,12:12:12:12:12:12,PARAS,01/06/2024,0:31:00,PASS,PASS,PASS,PASS,PASS,PASS,PASS,PASS,PASS,PASS,PASS,PASS,PASS,PASS,PASS,54,55.2,44.0/48.0,46.0/50.0,44.0/44.5,90/100,300/290,5/NA,600/10,75/24/2,PASS
1311,RELIANCE,HE518902,D82310478900277,54.08,12:12:12:12:12:12,PARAS,02/06/2024,1:31:00,PASS,PASS,PASS,PASS,PASS,PASS,PASS,PASS,PASS,PASS,PASS,PASS,PASS,PASS,PASS,54,55.2,44.0/48.0,46.0/50.0,44.0/44.5,90/100,300/290,5/NA,600/10,75/24/2,FAIL
1312,RELIANCE,HE518903,D82310478900278,54.08,12:12:12:12:12:12,PARAS,03/06/2024,2:31:00,PASS,PASS,PASS,PASS,PASS,PASS,PASS,PASS,PASS,PASS,PASS,PASS,PASS,PASS,PASS,54,55.2,44.0/48.0,46.0/50.0,44.0/44.5,90/100,300/290,5/NA,600/10,75/24/2,FAIL
1313,RELIANCE,HE518904,D82310478900279,54.08,12:12:12:12:12:12,PARAS,04/06/2024,3:31:00,PASS,PASS,PASS,PASS,PASS,PASS,PASS,PASS,PASS,PASS,PASS,PASS,PASS,PASS,PASS,54,55.2,44.0/48.0,46.0/50.0,44.0/44.5,90/100,300/290,5/NA,600/10,75/24/2,FAIL
1314,RELIANCE,HE518905,D82310478900280,54.08,12:12:12:12:12:12,PARAS,05/06/2024,4:31:00,PASS,PASS,PASS,PASS,PASS,PASS,PASS,PASS,PASS,PASS,PASS,PASS,PASS,PASS,PASS,54,55.2,44.0/48.0,46.0/50.0,44.0/44.5,90/100,300/290,5/NA,600/10,75/24/2,PASS
1315,RELIANCE,HE518906,D82310478900281,54.08,12:12:12:12:12:12,PARAS,06/06/2024,5:31:00,PASS,PASS,PASS,PASS,PASS,PASS,PASS,PASS,PASS,PASS,PASS,PASS,PASS,PASS,PASS,54,55.2,44.0/48.0,46.0/50.0,44.0/44.5,90/100,300/290,5/NA,600/10,75/24/2,PASS
1316,RELIANCE,HE518907,D82310478900282,54.08,12:12:12:12:12:12,PARAS,07/06/2024,6:31:00,PASS,PASS,PASS,PASS,PASS,PASS,PASS,PASS,PASS,PASS,PASS,PASS,PASS,PASS,PASS,54,55.2,44.0/48.0,46.0/50.0,44.0/44.5,90/100,300/290,5/NA,600/10,75/24/2,PASS
1317,RELIANCE,HE518908,D82310478900283,54.08,12:12:12:12:12:12,PARAS,08/06/2024,7:31:00,PASS,PASS,PASS,PASS,PASS,PASS,PASS,PASS,PASS,PASS,PASS,PASS,PASS,PASS,PASS,54,55.2,44.0/48.0,46.0/50.0,44.0/44.5,90/100,300/290,5/NA,600/10,75/24/2,PASS
1318,RELIANCE,HE518909,D82310478900284,54.08,12:12:12:12:12:12,PARAS,09/06/2024,8:31:00,PASS,PASS,PASS,PASS,PASS,PASS,PASS,PASS,PASS,PASS,PASS,PASS,PASS,PASS,PASS,54,55.2,44.0/48.0,46.0/50.0,44.0/44.5,90/100,300/290,5/NA,600/10,75/24/2,PASS
1319,RELIANCE,HE518910,D82310478900285,54.08,12:12:12:12:12:12,PARAS,10/06/2024,9:31:00,PASS,PASS,PASS,PASS,PASS,PASS,PASS,PASS,PASS,PASS,PASS,PASS,PASS,PASS,PASS,54,55.2,44.0/48.0,46.0/50.0,44.0/44.5,90/100,300/290,5/NA,600/10,75/24/2,PASS
1320,RELIANCE,HE518911,D82310478900286,54.08,12:12:12:12:12:12,PARAS,11/06/2024,10:31:00,PASS,PASS,PASS,PASS,PASS,PASS,PASS,PASS,PASS,PASS,PASS,PASS,PASS,PASS,PASS,54,55.2,44.0/48.0,46.0/50.0,44.0/44.5,90/100,300/290,5/NA,600/10,75/24/2,FAIL
1321,RELIANCE,HE518912,D82310478900287,54.08,12:12:12:12:12:12,PARAS,12/06/2024,11:31:00,PASS,PASS,PASS,PASS,PASS,PASS,PASS,PASS,PASS,PASS,PASS,PASS,PASS,PASS,PASS,54,55.2,44.0/48.0,46.0/50.0,44.0/44.5,90/100,300/290,5/NA,600/10,75/24/2,FAIL
1322,RELIANCE,HE518913,D82310478900288,54.08,12:12:12:12:12:12,PARAS,13/06/2024,12:31:00,PASS,PASS,PASS,PASS,PASS,PASS,PASS,PASS,PASS,PASS,PASS,PASS,PASS,PASS,PASS,54,55.2,44.0/48.0,46.0/50.0,44.0/44.5,90/100,300/290,5/NA,600/10,75/24/2,FAIL
1323,RELIANCE,HE518914,D82310478900289,54.08,12:12:12:12:12:12,PARAS,14/06/2024,13:31:00,PASS,PASS,PASS,PASS,PASS,PASS,PASS,PASS,PASS,PASS,PASS,PASS,PASS,PASS,PASS,54,55.2,44.0/48.0,46.0/50.0,44.0/44.5,90/100,300/290,5/NA,600/10,75/24/2,PASS
1324,RELIANCE,HE518915,D82310478900290,54.08,12:12:12:12:12:12,PARAS,15/06/2024,14:31:00,PASS,PASS,PASS,PASS,PASS,PASS,PASS,PASS,PASS,PASS,PASS,PASS,PASS,PASS,PASS,54,55.2,44.0/48.0,46.0/50.0,44.0/44.5,90/100,300/290,5/NA,600/10,75/24/2,PASS
1325,RELIANCE,HE518916,D82310478900291,54.08,12:12:12:12:12:12,PARAS,16/06/2024,15:31:00,PASS,PASS,PASS,PASS,PASS,PASS,PASS,PASS,PASS,PASS,PASS,PASS,PASS,PASS,PASS,54,55.2,44.0/48.0,46.0/50.0,44.0/44.5,90/100,300/290,5/NA,600/10,75/24/2,PASS
1326,RELIANCE,HE518917,D82310478900292,54.08,12:12:12:12:12:12,PARAS,17/06/2024,16:31:00,PASS,PASS,PASS,PASS,PASS,PASS,PASS,PASS,PASS,PASS,PASS,PASS,PASS,PASS,PASS,54,55.2,44.0/48.0,46.0/50.0,44.0/44.5,90/100,300/290,5/NA,600/10,75/24/2,PASS
1327,RELIANCE,HE518918,D82310478900293,54.08,12:12:12:12:12:12,PARAS,18/06/2024,17:31:00,PASS,PASS,PASS,PASS,PASS,PASS,PASS,PASS,PASS,PASS,PASS,PASS,PASS,PASS,PASS,54,55.2,44.0/48.0,46.0/50.0,44.0/44.5,90/100,300/290,5/NA,600/10,75/24/2,PASS
1328,RELIANCE,HE518919,D82310478900294,54.08,12:12:12:12:12:12,PARAS,19/06/2024,18:31:00,PASS,PASS,PASS,PASS,PASS,PASS,PASS,PASS,PASS,PASS,PASS,PASS,PASS,PASS,PASS,54,55.2,44.0/48.0,46.0/50.0,44.0/44.5,90/100,300/290,5/NA,600/10,75/24/2,PASS
1329,RELIANCE,HE518920,D82310478900295,54.08,12:12:12:12:12:12,PARAS,20/06/2024,19:31:00,PASS,PASS,PASS,PASS,PASS,PASS,PASS,PASS,PASS,PASS,PASS,PASS,PASS,PASS,PASS,54,55.2,44.0/48.0,46.0/50.0,44.0/44.5,90/100,300/290,5/NA,600/10,75/24/2,FAIL
1330,RELIANCE,HE518921,D82310478900296,54.08,12:12:12:12:12:12,PARAS,21/06/2024,20:31:00,PASS,PASS,PASS,PASS,PASS,PASS,PASS,PASS,PASS,PASS,PASS,PASS,PASS,PASS,PASS,54,55.2,44.0/48.0,46.0/50.0,44.0/44.5,90/100,300/290,5/NA,600/10,75/24/2,FAIL
1331,RELIANCE,HE518922,D82310478900297,54.08,12:12:12:12:12:12,PARAS,22/06/2024,21:31:00,PASS,PASS,PASS,PASS,PASS,PASS,PASS,PASS,PASS,PASS,PASS,PASS,PASS,PASS,PASS,54,55.2,44.0/48.0,46.0/50.0,44.0/44.5,90/100,300/290,5/NA,600/10,75/24/2,FAIL
1332,RELIANCE,HE518923,D82310478900298,54.08,12:12:12:12:12:12,PARAS,23/06/2024,22:31:00,PASS,PASS,PASS,PASS,PASS,PASS,PASS,PASS,PASS,PASS,PASS,PASS,PASS,PASS,PASS,54,55.2,44.0/48.0,46.0/50.0,44.0/44.5,90/100,300/290,5/NA,600/10,75/24/2,PASS
1333,RELIANCE,HE518924,D82310478900299,54.08,12:12:12:12:12:12,PARAS,24/06/2024,23:31:00,PASS,PASS,PASS,PASS,PASS,PASS,PASS,PASS,PASS,PASS,PASS,PASS,PASS,PASS,PASS,54,55.2,44.0/48.0,46.0/50.0,44.0/44.5,90/100,300/290,5/NA,600/10,75/24/2,PASS
1334,RELIANCE,HE518925,D82310478900300,54.08,12:12:12:12:12:12,PARAS,25/06/2024,0:31:00,PASS,PASS,PASS,PASS,PASS,PASS,PASS,PASS,PASS,PASS,PASS,PASS,PASS,PASS,PASS,54,55.2,44.0/48.0,46.0/50.0,44.0/44.5,90/100,300/290,5/NA,600/10,75/24/2,PASS
1335,RELIANCE,HE518926,D82310478900301,54.08,12:12:12:12:12:12,PARAS,26/06/2024,1:31:00,PASS,PASS,PASS,PASS,PASS,PASS,PASS,PASS,PASS,PASS,PASS,PASS,PASS,PASS,PASS,54,55.2,44.0/48.0,46.0/50.0,44.0/44.5,90/100,300/290,5/NA,600/10,75/24/2,PASS
1336,RELIANCE,HE518927,D82310478900302,54.08,12:12:12:12:12:12,PARAS,27/06/2024,2:31:00,PASS,PASS,PASS,PASS,PASS,PASS,PASS,PASS,PASS,PASS,PASS,PASS,PASS,PASS,PASS,54,55.2,44.0/48.0,46.0/50.0,44.0/44.5,90/100,300/290,5/NA,600/10,75/24/2,PASS
1337,RELIANCE,HE518928,D82310478900303,54.08,12:12:12:12:12:12,PARAS,28/06/2024,3:31:00,PASS,PASS,PASS,PASS,PASS,PASS,PASS,PASS,PASS,PASS,PASS,PASS,PASS,PASS,PASS,54,55.2,44.0/48.0,46.0/50.0,44.0/44.5,90/100,300/290,5/NA,600/10,75/24/2,PASS
1338,RELIANCE,HE518929,D82310478900304,54.08,12:12:12:12:12:12,PARAS,29/06/2024,4:31:00,PASS,PASS,PASS,PASS,PASS,PASS,PASS,PASS,PASS,PASS,PASS,PASS,PASS,PASS,PASS,54,55.2,44.0/48.0,46.0/50.0,44.0/44.5,90/100,300/290,5/NA,600/10,75/24/2,FAIL
1339,RELIANCE,HE518930,D82310478900305,54.08,12:12:12:12:12:12,PARAS,30/06/2024,5:31:00,PASS,PASS,PASS,PASS,PASS,PASS,PASS,PASS,PASS,PASS,PASS,PASS,PASS,PASS,PASS,54,55.2,44.0/48.0,46.0/50.0,44.0/44.5,90/100,300/290,5/NA,600/10,75/24/2,FAIL
1340,RELIANCE,HE518931,D82310478900306,54.08,12:12:12:12:12:12,PARAS,01/07/2024,6:31:00,PASS,PASS,PASS,PASS,PASS,PASS,PASS,PASS,PASS,PASS,PASS,PASS,PASS,PASS,PASS,54,55.2,44.0/48.0,46.0/50.0,44.0/44.5,90/100,300/290,5/NA,600/10,75/24/2,FAIL
1341,RELIANCE,HE518932,D82310478900307,54.08,12:12:12:12:12:12,PARAS,02/07/2024,7:31:00,PASS,PASS,PASS,PASS,PASS,PASS,PASS,PASS,PASS,PASS,PASS,PASS,PASS,PASS,PASS,54,55.2,44.0/48.0,46.0/50.0,44.0/44.5,90/100,300/290,5/NA,600/10,75/24/2,PASS
1342,RELIANCE,HE518933,D82310478900308,54.08,12:12:12:12:12:12,PARAS,03/07/2024,8:31:00,PASS,PASS,PASS,PASS,PASS,PASS,PASS,PASS,PASS,PASS,PASS,PASS,PASS,PASS,PASS,54,55.2,44.0/48.0,46.0/50.0,44.0/44.5,90/100,300/290,5/NA,600/10,75/24/2,PASS
1343,RELIANCE,HE518934,D82310478900309,54.08,12:12:12:12:12:12,PARAS,04/07/2024,9:31:00,PASS,PASS,PASS,PASS,PASS,PASS,PASS,PASS,PASS,PASS,PASS,PASS,PASS,PASS,PASS,54,55.2,44.0/48.0,46.0/50.0,44.0/44.5,90/100,300/290,5/NA,600/10,75/24/2,PASS
1344,RELIANCE,HE518935,D82310478900310,54.08,12:12:12:12:12:12,PARAS,05/07/2024,10:31:00,PASS,PASS,PASS,PASS,PASS,PASS,PASS,PASS,PASS,PASS,PASS,PASS,PASS,PASS,PASS,54,55.2,44.0/48.0,46.0/50.0,44.0/44.5,90/100,300/290,5/NA,600/10,75/24/2,PASS
1345,RELIANCE,HE518936,D82310478900311,54.08,12:12:12:12:12:12,PARAS,06/07/2024,11:31:00,PASS,PASS,PASS,PASS,PASS,PASS,PASS,PASS,PASS,PASS,PASS,PASS,PASS,PASS,PASS,54,55.2,44.0/48.0,46.0/50.0,44.0/44.5,90/100,300/290,5/NA,600/10,75/24/2,PASS
1346,RELIANCE,HE518937,D82310478900312,54.08,12:12:12:12:12:12,PARAS,07/07/2024,12:31:00,PASS,PASS,PASS,PASS,PASS,PASS,PASS,PASS,PASS,PASS,PASS,PASS,PASS,PASS,PASS,54,55.2,44.0/48.0,46.0/50.0,44.0/44.5,90/100,300/290,5/NA,600/10,75/24/2,PASS
1347,RELIANCE,HE518938,D82310478900313,54.08,12:12:12:12:12:12,PARAS,08/07/2024,13:31:00,PASS,PASS,PASS,PASS,PASS,PASS,PASS,PASS,PASS,PASS,PASS,PASS,PASS,PASS,PASS,54,55.2,44.0/48.0,46.0/50.0,44.0/44.5,90/100,300/290,5/NA,600/10,75/24/2,FAIL
1348,RELIANCE,HE518939,D82310478900314,54.08,12:12:12:12:12:12,PARAS,09/07/2024,14:31:00,PASS,PASS,PASS,PASS,PASS,PASS,PASS,PASS,PASS,PASS,PASS,PASS,PASS,PASS,PASS,54,55.2,44.0/48.0,46.0/50.0,44.0/44.5,90/100,300/290,5/NA,600/10,75/24/2,FAIL
1349,RELIANCE,HE518940,D82310478900315,54.08,12:12:12:12:12:12,PARAS,10/07/2024,15:31:00,PASS,PASS,PASS,PASS,PASS,PASS,PASS,PASS,PASS,PASS,PASS,PASS,PASS,PASS,PASS,54,55.2,44.0/48.0,46.0/50.0,44.0/44.5,90/100,300/290,5/NA,600/10,75/24/2,FAIL
1350,RELIANCE,HE518941,D82310478900316,54.08,12:12:12:12:12:12,PARAS,11/07/2024,16:31:00,PASS,PASS,PASS,PASS,PASS,PASS,PASS,PASS,PASS,PASS,PASS,PASS,PASS,PASS,PASS,54,55.2,44.0/48.0,46.0/50.0,44.0/44.5,90/100,300/290,5/NA,600/10,75/24/2,PASS
1351,RELIANCE,HE518942,D82310478900317,54.08,12:12:12:12:12:12,PARAS,12/07/2024,17:31:00,PASS,PASS,PASS,PASS,PASS,PASS,PASS,PASS,PASS,PASS,PASS,PASS,PASS,PASS,PASS,54,55.2,44.0/48.0,46.0/50.0,44.0/44.5,90/100,300/290,5/NA,600/10,75/24/2,PASS
1352,RELIANCE,HE518943,D82310478900318,54.08,12:12:12:12:12:12,PARAS,13/07/2024,18:31:00,PASS,PASS,PASS,PASS,PASS,PASS,PASS,PASS,PASS,PASS,PASS,PASS,PASS,PASS,PASS,54,55.2,44.0/48.0,46.0/50.0,44.0/44.5,90/100,300/290,5/NA,600/10,75/24/2,PASS
1353,RELIANCE,HE518944,D82310478900319,54.08,12:12:12:12:12:12,PARAS,14/07/2024,19:31:00,PASS,PASS,PASS,PASS,PASS,PASS,PASS,PASS,PASS,PASS,PASS,PASS,PASS,PASS,PASS,54,55.2,44.0/48.0,46.0/50.0,44.0/44.5,90/100,300/290,5/NA,600/10,75/24/2,PASS
1354,RELIANCE,HE518945,D82310478900320,54.08,12:12:12:12:12:12,PARAS,15/07/2024,20:31:00,PASS,PASS,PASS,PASS,PASS,PASS,PASS,PASS,PASS,PASS,PASS,PASS,PASS,PASS,PASS,54,55.2,44.0/48.0,46.0/50.0,44.0/44.5,90/100,300/290,5/NA,600/10,75/24/2,PASS
1355,RELIANCE,HE518946,D82310478900321,54.08,12:12:12:12:12:12,PARAS,16/07/2024,21:31:00,PASS,PASS,PASS,PASS,PASS,PASS,PASS,PASS,PASS,PASS,PASS,PASS,PASS,PASS,PASS,54,55.2,44.0/48.0,46.0/50.0,44.0/44.5,90/100,300/290,5/NA,600/10,75/24/2,PASS
1356,RELIANCE,HE518947,D82310478900322,54.08,12:12:12:12:12:12,PARAS,17/07/2024,22:31:00,PASS,PASS,PASS,PASS,PASS,PASS,PASS,PASS,PASS,PASS,PASS,PASS,PASS,PASS,PASS,54,55.2,44.0/48.0,46.0/50.0,44.0/44.5,90/100,300/290,5/NA,600/10,75/24/2,FAIL
1357,RELIANCE,HE518948,D82310478900323,54.08,12:12:12:12:12:12,PARAS,18/07/2024,23:31:00,PASS,PASS,PASS,PASS,PASS,PASS,PASS,PASS,PASS,PASS,PASS,PASS,PASS,PASS,PASS,54,55.2,44.0/48.0,46.0/50.0,44.0/44.5,90/100,300/290,5/NA,600/10,75/24/2,FAIL
1358,RELIANCE,HE518949,D82310478900324,54.08,12:12:12:12:12:12,PARAS,19/07/2024,0:31:00,PASS,PASS,PASS,PASS,PASS,PASS,PASS,PASS,PASS,PASS,PASS,PASS,PASS,PASS,PASS,54,55.2,44.0/48.0,46.0/50.0,44.0/44.5,90/100,300/290,5/NA,600/10,75/24/2,FAIL
1359,RELIANCE,HE518950,D82310478900325,54.08,12:12:12:12:12:12,PARAS,20/07/2024,1:31:00,PASS,PASS,PASS,PASS,PASS,PASS,PASS,PASS,PASS,PASS,PASS,PASS,PASS,PASS,PASS,54,55.2,44.0/48.0,46.0/50.0,44.0/44.5,90/100,300/290,5/NA,600/10,75/24/2,PASS
1360,RELIANCE,HE518951,D82310478900326,54.08,12:12:12:12:12:12,PARAS,21/07/2024,2:31:00,PASS,PASS,PASS,PASS,PASS,PASS,PASS,PASS,PASS,PASS,PASS,PASS,PASS,PASS,PASS,54,55.2,44.0/48.0,46.0/50.0,44.0/44.5,90/100,300/290,5/NA,600/10,75/24/2,PASS
1361,RELIANCE,HE518952,D82310478900327,54.08,12:12:12:12:12:12,PARAS,22/07/2024,3:31:00,PASS,PASS,PASS,PASS,PASS,PASS,PASS,PASS,PASS,PASS,PASS,PASS,PASS,PASS,PASS,54,55.2,44.0/48.0,46.0/50.0,44.0/44.5,90/100,300/290,5/NA,600/10,75/24/2,PASS
1362,RELIANCE,HE518953,D82310478900328,54.08,12:12:12:12:12:12,PARAS,23/07/2024,4:31:00,PASS,PASS,PASS,PASS,PASS,PASS,PASS,PASS,PASS,PASS,PASS,PASS,PASS,PASS,PASS,54,55.2,44.0/48.0,46.0/50.0,44.0/44.5,90/100,300/290,5/NA,600/10,75/24/2,PASS
1363,RELIANCE,HE518954,D82310478900329,54.08,12:12:12:12:12:12,PARAS,24/07/2024,5:31:00,PASS,PASS,PASS,PASS,PASS,PASS,PASS,PASS,PASS,PASS,PASS,PASS,PASS,PASS,PASS,54,55.2,44.0/48.0,46.0/50.0,44.0/44.5,90/100,300/290,5/NA,600/10,75/24/2,PASS
1364,RELIANCE,HE518955,D82310478900330,54.08,12:12:12:12:12:12,PARAS,25/07/2024,6:31:00,PASS,PASS,PASS,PASS,PASS,PASS,PASS,PASS,PASS,PASS,PASS,PASS,PASS,PASS,PASS,54,55.2,44.0/48.0,46.0/50.0,44.0/44.5,90/100,300/290,5/NA,600/10,75/24/2,PASS
1365,RELIANCE,HE518956,D82310478900331,54.08,12:12:12:12:12:12,PARAS,26/07/2024,7:31:00,PASS,PASS,PASS,PASS,PASS,PASS,PASS,PASS,PASS,PASS,PASS,PASS,PASS,PASS,PASS,54,55.2,44.0/48.0,46.0/50.0,44.0/44.5,90/100,300/290,5/NA,600/10,75/24/2,FAIL
1366,RELIANCE,HE518957,D82310478900332,54.08,12:12:12:12:12:12,PARAS,27/07/2024,8:31:00,PASS,PASS,PASS,PASS,PASS,PASS,PASS,PASS,PASS,PASS,PASS,PASS,PASS,PASS,PASS,54,55.2,44.0/48.0,46.0/50.0,44.0/44.5,90/100,300/290,5/NA,600/10,75/24/2,FAIL
1367,RELIANCE,HE518958,D82310478900333,54.08,12:12:12:12:12:12,PARAS,28/07/2024,9:31:00,PASS,PASS,PASS,PASS,PASS,PASS,PASS,PASS,PASS,PASS,PASS,PASS,PASS,PASS,PASS,54,55.2,44.0/48.0,46.0/50.0,44.0/44.5,90/100,300/290,5/NA,600/10,75/24/2,FAIL
1368,RELIANCE,HE518959,D82310478900334,54.08,12:12:12:12:12:12,PARAS,29/07/2024,10:31:00,PASS,PASS,PASS,PASS,PASS,PASS,PASS,PASS,PASS,PASS,PASS,PASS,PASS,PASS,PASS,54,55.2,44.0/48.0,46.0/50.0,44.0/44.5,90/100,300/290,5/NA,600/10,75/24/2,PASS
1369,RELIANCE,HE518960,D82310478900335,54.08,12:12:12:12:12:12,PARAS,30/07/2024,11:31:00,PASS,PASS,PASS,PASS,PASS,PASS,PASS,PASS,PASS,PASS,PASS,PASS,PASS,PASS,PASS,54,55.2,44.0/48.0,46.0/50.0,44.0/44.5,90/100,300/290,5/NA,600/10,75/24/2,PASS
1370,RELIANCE,HE518961,D82310478900336,54.08,12:12:12:12:12:12,PARAS,31/07/2024,12:31:00,PASS,PASS,PASS,PASS,PASS,PASS,PASS,PASS,PASS,PASS,PASS,PASS,PASS,PASS,PASS,54,55.2,44.0/48.0,46.0/50.0,44.0/44.5,90/100,300/290,5/NA,600/10,75/24/2,PASS
1371,RELIANCE,HE518962,D82310478900337,54.08,12:12:12:12:12:12,PARAS,01/08/2024,13:31:00,PASS,PASS,PASS,PASS,PASS,PASS,PASS,PASS,PASS,PASS,PASS,PASS,PASS,PASS,PASS,54,55.2,44.0/48.0,46.0/50.0,44.0/44.5,90/100,300/290,5/NA,600/10,75/24/2,PASS
1372,RELIANCE,HE518963,D82310478900338,54.08,12:12:12:12:12:12,PARAS,02/08/2024,14:31:00,PASS,PASS,PASS,PASS,PASS,PASS,PASS,PASS,PASS,PASS,PASS,PASS,PASS,PASS,PASS,54,55.2,44.0/48.0,46.0/50.0,44.0/44.5,90/100,300/290,5/NA,600/10,75/24/2,PASS
1373,RELIANCE,HE518964,D82310478900339,54.08,12:12:12:12:12:12,PARAS,03/08/2024,15:31:00,PASS,PASS,PASS,PASS,PASS,PASS,PASS,PASS,PASS,PASS,PASS,PASS,PASS,PASS,PASS,54,55.2,44.0/48.0,46.0/50.0,44.0/44.5,90/100,300/290,5/NA,600/10,75/24/2,PASS
1374,RELIANCE,HE518965,D82310478900340,54.08,12:12:12:12:12:12,PARAS,04/08/2024,16:31:00,PASS,PASS,PASS,PASS,PASS,PASS,PASS,PASS,PASS,PASS,PASS,PASS,PASS,PASS,PASS,54,55.2,44.0/48.0,46.0/50.0,44.0/44.5,90/100,300/290,5/NA,600/10,75/24/2,FAIL
1375,RELIANCE,HE518966,D82310478900341,54.08,12:12:12:12:12:12,PARAS,05/08/2024,17:31:00,PASS,PASS,PASS,PASS,PASS,PASS,PASS,PASS,PASS,PASS,PASS,PASS,PASS,PASS,PASS,54,55.2,44.0/48.0,46.0/50.0,44.0/44.5,90/100,300/290,5/NA,600/10,75/24/2,FAIL
1376,RELIANCE,HE518967,D82310478900342,54.08,12:12:12:12:12:12,PARAS,06/08/2024,18:31:00,PASS,PASS,PASS,PASS,PASS,PASS,PASS,PASS,PASS,PASS,PASS,PASS,PASS,PASS,PASS,54,55.2,44.0/48.0,46.0/50.0,44.0/44.5,90/100,300/290,5/NA,600/10,75/24/2,FAIL
1377,RELIANCE,HE518968,D82310478900343,54.08,12:12:12:12:12:12,PARAS,07/08/2024,19:31:00,PASS,PASS,PASS,PASS,PASS,PASS,PASS,PASS,PASS,PASS,PASS,PASS,PASS,PASS,PASS,54,55.2,44.0/48.0,46.0/50.0,44.0/44.5,90/100,300/290,5/NA,600/10,75/24/2,PASS
1378,RELIANCE,HE518969,D82310478900344,54.08,12:12:12:12:12:12,PARAS,08/08/2024,20:31:00,PASS,PASS,PASS,PASS,PASS,PASS,PASS,PASS,PASS,PASS,PASS,PASS,PASS,PASS,PASS,54,55.2,44.0/48.0,46.0/50.0,44.0/44.5,90/100,300/290,5/NA,600/10,75/24/2,PASS
1379,RELIANCE,HE518970,D82310478900345,54.08,12:12:12:12:12:12,PARAS,09/08/2024,21:31:00,PASS,PASS,PASS,PASS,PASS,PASS,PASS,PASS,PASS,PASS,PASS,PASS,PASS,PASS,PASS,54,55.2,44.0/48.0,46.0/50.0,44.0/44.5,90/100,300/290,5/NA,600/10,75/24/2,PASS
1380,RELIANCE,HE518971,D82310478900346,54.08,12:12:12:12:12:12,PARAS,10/08/2024,22:31:00,PASS,PASS,PASS,PASS,PASS,PASS,PASS,PASS,PASS,PASS,PASS,PASS,PASS,PASS,PASS,54,55.2,44.0/48.0,46.0/50.0,44.0/44.5,90/100,300/290,5/NA,600/10,75/24/2,PASS
1381,RELIANCE,HE518989,D82310478900347,54.08,12:12:12:12:12:12,PARAS,11/08/2024,23:31:00,PASS,PASS,PASS,PASS,PASS,PASS,PASS,PASS,PASS,PASS,PASS,PASS,PASS,PASS,PASS,54,55.2,44.0/48.0,46.0/50.0,44.0/44.5,90/100,300/290,5/NA,600/10,75/24/2,PASS
1382,RELIANCE,HE518989,D82310478900348,54.08,12:12:12:12:12:12,PARAS,12/08/2024,0:31:00,PASS,PASS,PASS,PASS,PASS,PASS,PASS,PASS,PASS,PASS,PASS,PASS,PASS,PASS,PASS,54,55.2,44.0/48.0,46.0/50.0,44.0/44.5,90/100,300/290,5/NA,600/10,75/24/2,PASS
1383,RELIANCE,HE518989,D82310478900349,54.08,12:12:12:12:12:12,PARAS,13/08/2024,1:31:00,PASS,PASS,PASS,PASS,PASS,PASS,PASS,PASS,PASS,PASS,PASS,PASS,PASS,PASS,PASS,54,55.2,44.0/48.0,46.0/50.0,44.0/44.5,90/100,300/290,5/NA,600/10,75/24/2,FAIL
1384,RELIANCE,HE518989,D82310478900350,54.08,12:12:12:12:12:12,PARAS,14/08/2024,2:31:00,PASS,PASS,PASS,PASS,PASS,PASS,PASS,PASS,PASS,PASS,PASS,PASS,PASS,PASS,PASS,54,55.2,44.0/48.0,46.0/50.0,44.0/44.5,90/100,300/290,5/NA,600/10,75/24/2,FAIL
1385,RELIANCE,HE518989,D82310478900351,54.08,12:12:12:12:12:12,PARAS,15/08/2024,3:31:00,PASS,PASS,PASS,PASS,PASS,PASS,PASS,PASS,PASS,PASS,PASS,PASS,PASS,PASS,PASS,54,55.2,44.0/48.0,46.0/50.0,44.0/44.5,90/100,300/290,5/NA,600/10,75/24/2,FAIL
1386,RELIANCE,HE518989,D82310478900352,54.08,12:12:12:12:12:12,PARAS,16/08/2024,4:31:00,PASS,PASS,PASS,PASS,PASS,PASS,PASS,PASS,PASS,PASS,PASS,PASS,PASS,PASS,PASS,54,55.2,44.0/48.0,46.0/50.0,44.0/44.5,90/100,300/290,5/NA,600/10,75/24/2,PASS
1387,RELIANCE,HE518989,D82310478900353,54.08,12:12:12:12:12:12,PARAS,17/08/2024,5:31:00,PASS,PASS,PASS,PASS,PASS,PASS,PASS,PASS,PASS,PASS,PASS,PASS,PASS,PASS,PASS,54,55.2,44.0/48.0,46.0/50.0,44.0/44.5,90/100,300/290,5/NA,600/10,75/24/2,PASS
1388,RELIANCE,HE518989,D82310478900354,54.08,12:12:12:12:12:12,PARAS,18/08/2024,6:31:00,PASS,PASS,PASS,PASS,PASS,PASS,PASS,PASS,PASS,PASS,PASS,PASS,PASS,PASS,PASS,54,55.2,44.0/48.0,46.0/50.0,44.0/44.5,90/100,300/290,5/NA,600/10,75/24/2,PASS
1389,RELIANCE,HE518989,D82310478900355,54.08,12:12:12:12:12:12,PARAS,19/08/2024,7:31:00,PASS,PASS,PASS,PASS,PASS,PASS,PASS,PASS,PASS,PASS,PASS,PASS,PASS,PASS,PASS,54,55.2,44.0/48.0,46.0/50.0,44.0/44.5,90/100,300/290,5/NA,600/10,75/24/2,PASS
1390,RELIANCE,HE518989,D82310478900356,54.08,12:12:12:12:12:12,PARAS,20/08/2024,8:31:00,PASS,PASS,PASS,PASS,PASS,PASS,PASS,PASS,PASS,PASS,PASS,PASS,PASS,PASS,PASS,54,55.2,44.0/48.0,46.0/50.0,44.0/44.5,90/100,300/290,5/NA,600/10,75/24/2,PASS
1391,RELIANCE,HE518989,D82310478900357,54.08,12:12:12:12:12:12,PARAS,21/08/2024,9:31:00,PASS,PASS,PASS,PASS,PASS,PASS,PASS,PASS,PASS,PASS,PASS,PASS,PASS,PASS,PASS,54,55.2,44.0/48.0,46.0/50.0,44.0/44.5,90/100,300/290,5/NA,600/10,75/24/2,PASS
